Sitio,Tipo de conexión,Tipo de espacio,Tipo,Nombre,Ubicación,Colonia,Municipio,Latitud,Longitud,Fecha de rev,"Visita2

",Conexión fácil,WhatsApp,Facebook,Youtube,Maps,Navegador,Nav Constante,Bajada,Subida,Observaciones,Supervisor,Calificación
1,Fibra Óptica,PLAZA PÚBLICA,N/A,CRUZ DE CANTERA (JUNTO A LAS CANCHAS DEL MALECON),CRUZ DE CANTERA SANTA FE,COLONIA SANTA FE,LEÓN,21.127368,-101.675313,29-sep-25,1,si,si,si,si,si,si,si,38.58,99.83,La conexión fue rápida y constante la navegación fue fluida no se observan anomalías tiene buena señal,José Mosqueda,7
2,Fibra Óptica,PLAZA PÚBLICA,N/A,JARDINES DE SAN SEBASTIAN,JARDINES DE SAN SEBASTIAN II,COLONIA SAN SEBASTIAN,LEÓN,21.099483,-101.699896,02-oct-25,1,si,si,si,si,si,si,si,15.85,11.85,La conexión fue rápida y constante la navegación fue fluida no se observan anomalías tiene buena señal,José Mosqueda,7
3,Fibra Óptica,PLAZA PÚBLICA,N/A,PLAZA COMUNITARIA VILLA DE LAS FLORES,HEROES DE LA INDEPENDENCIA VILLA DE LAS FLORES,COLONIA VILLA DE LAS FLORES,LEÓN,21.122248,-101.650599,01-oct-25,1,si,si,si,si,si,si,si,22.41,29.07,La conexión fue rápida y constante la navegación fue fluida no se observan anomalías tiene buena señal,José Mosqueda,7
4,Fibra Óptica,PLAZA PÚBLICA,N/A,PLAZA PUBLICA EL LUCERO,MARFIX EL LUCERO II,COLONIA EL LUCERO,LEÓN,21.136565,-101.668249,30-sep-25,1,si,si,si,si,si,si,si,16.96,20.38,La conexión fue rápida y constante la navegación fue fluida no se observan anomalías tiene buena señal,José Mosqueda,7
5,Fibra Óptica,ESPACIO DEPORTIVO,N/A,AGUA AZUL,DELTA AGUA AZUL,COLONIA AGUA AZUL,LEÓN,21.103264,-101.611514,01-oct-25,1,si,si,si,si,si,si,si,24.05,33.33,La conexión fue rápida y constante la navegación fue fluida no se observan anomalías tiene buena señal,José Mosqueda,7
6,Fibra Óptica,ESPACIO DEPORTIVO,N/A,LOS ANGELES,VALLE DE LOS NOGALES ANGELES LOS,COLONIA LOS ANGELES,LEÓN,21.131813,-101.640463,29-sep-25,1,si,si,si,si,si,si,si,44.23,12.18,La conexión fue rápida y constante la navegación fue fluida no se observan anomalías tiene buena señal,José Mosqueda,7
7,Fibra Óptica,ESPACIO DEPORTIVO,N/A,CENTRO DEPORTIVO LAS JOYAS,BALCÓN DE LOS RUISEÑORES 208 BALCONES DE LA JOYA 37355 LEÓN GTO.,COLONIA BALCONES DE LA JOYA,LEÓN,21.12784026,-101.7443535,30-sep-25,1,si,si,si,si,si,si,si,24.94,11.13,La conexión fue rápida y constante la navegación fue fluida no se observan anomalías tiene buena señal,José Mosqueda,7
8,Fibra Óptica,ESPACIO DEPORTIVO,N/A,DEPORTIVA I (UNIDAD DEPORTIVA I),TABLERO DEPORTIVA I,COLONIA LEÓN I,LEÓN,21.145551,-101.656613,29-sep-25,1,si,si,si,si,si,si,si,82.91,82.39,La conexión fue rápida y constante la navegación fue fluida no se observan anomalías tiene buena señal,José Mosqueda,7
9,Fibra Óptica,ESPACIO DEPORTIVO,N/A,ECHEVESTE 2000,NABO ECHEVESTE 2000,COLONIA ECHEVESTE 2000,LEÓN,21.179691,-101.670008,29-sep-25,1,si,si,si,si,si,si,si,10.92,11.86,La conexión fue rápida y constante la navegación fue fluida no se observan anomalías tiene buena señal el ancho de banda es bajo sobre todo en la descarga,José Mosqueda,7
10,Fibra Óptica,ESPACIO DEPORTIVO,N/A,ECHEVESTE,HERMENEGILDO BUSTOS HACIENDA ECHEVESTE,COLONIA HACIENDA ECHEVESTE,LEÓN,21.187876,-101.666846,29-sep-25,1,si,si,si,si,si,si,si,41.69,29.36,La conexión fue rápida y constante la navegación fue fluida no se observan anomalías tiene buena señal,José Mosqueda,7
11,Fibra Óptica,ESPACIO DEPORTIVO,N/A,PARQUE IV CENTENARIO,MONTE DE LAS CRUCES HIDALGO,COLONIA HIDALGO,LEÓN,21.143558,-101.669578,29-sep-25,1,si,si,si,si,si,si,si,51.76,54.04,La conexión fue rápida y constante la navegación fue fluida no se observan anomalías tiene buena señal,José Mosqueda,7
12,Fibra Óptica,ESPACIO DEPORTIVO,N/A,PARQUE EXTREMO LAS HILAMAS,MARIANO ESCOBEDO LOMAS DE LAS HILAMAS,COLONIA LOMAS DE LAS HILAMAS,LEÓN,21.11098632,-101.723744,03-oct-25,1,si,si,si,si,si,si,si,26.73,46.48,La conexión fue rápida y constante la navegación fue fluida no se observan anomalías tiene buena señal,José Mosqueda,7
13a,Fibra Óptica,ESPACIO DEPORTIVO,N/A,PARQUE DEL ARBOL,TORRES LANDA JUAN JOSE SAN NICOLAS,COLONIA SAN NICOLAS,LEÓN,21.10238294,-101.6766679,02-oct-25,1,si,si,si,si,si,si,si,19.33,4.61,La conexión fue rápida y constante la navegación fue fluida no se observan anomalías tiene buena señal,José Mosqueda,7
13b,Fibra Óptica,ESPACIO DEPORTIVO,N/A,PARQUE DEL ARBOL,TORRES LANDA JUAN JOSE SAN NICOLAS,COLONIA SAN NICOLAS,LEÓN,21.10304856,-101.6752142,02-oct-25,1,si,si,si,si,si,si,si,13.7,13.82,La conexión fue rápida y constante la navegación fue fluida no se observan anomalías tiene buena señal aunque un poco bajo el ancho de banda,José Mosqueda,7
14,Fibra Óptica,ESPACIO DEPORTIVO,N/A,MINIDEPORTIVA LOMA DORADA,BLVD. MINERAL DE LA JOYA TORRES DORADAS,COLONIA LOMA DORADA,LEÓN,21.137276,-101.766157,30-sep-25,1,si,si,si,si,si,si,si,24.28,8.78,La conexión fue rápida y constante la navegación fue fluida no se observan anomalías tiene buena señal,José Mosqueda,7
15,Fibra Óptica,ESPACIO DEPORTIVO,N/A,VALLE DE SEÑORA I,AVOGADRO VALLE DE SEÑORA,COLONIA VALLE DE SEÑORA,LEÓN,21.15992,-101.656584,01-oct-25,1,si,si,si,si,si,si,si,42.29,25.19,La conexión fue rápida y constante la navegación fue fluida no se observan anomalías tiene buena señal,José Mosqueda,7
16,Fibra Óptica,PRESIDENCIA,N/A,PRESIDENCIA MUNICIPAL DE LEÓN DE LOS ALDAMA,PLAZA PRINCIPAL,COLONIA CENTRO,LEÓN,21.12176,-101.68234,29-sep-25,1,si,si,si,si,si,si,si,32.22,42.12,La conexión fue rápida y constante la navegación fue fluida no se observan anomalías tiene buena señal,José Mosqueda,7
89,Fibra Óptica,ESCUELA,SECUNDARIA,11EPR0645S -SECUNDARIA ANEXA NORMAL OFICIAL,MERCURIO S/N EL LUCERO 37249 LEON DE LOS ALDAMA,COLONIA EL LUCERO,LEÓN,21.13566,-101.66829,29-sep-25,1,si,si,si,si,si,si,no,8.78,37,La conexión es intermitente y tiene pocos megas de bajada puede deberse a que el acces point está lejos de la calle y no se nos permitió el ingreso al plantel,José Mosqueda,6
92,Fibra Óptica,ESCUELA,PREESCOLAR,11DJN4405E - OVIDIO DECROLY,CALLE CHIMALPOPOCA NUMERO EXTERIOR: 102  COLONIA AZTECAS CODIGO,COLONIA AZTECAS,LEÓN,21.10199,-101.65482,04-oct-25,1,si,si,si,si,si,si,si,21.54,10.94,La conexión fue rápida y constante la navegación fue fluida no se observan anomalías tiene buena señal,José Mosqueda,7
96,Fibra Óptica,ESCUELA,SECUNDARIA,11DES0015Y - SECUNDARIA GENERAL DIEGO RIVERA,AVENIDA PANORAMA Y VALLE DE OLIVO S/N,COLONIA PANORAMA,LEÓN,21.15465,-101.69157,29-sep-25,1,si,si,si,si,si,si,si,51,72.76,La conexión fue rápida y constante la navegación fue fluida no se observan anomalías tiene buena señal,José Mosqueda,7
101,Fibra Óptica,ESCUELA,PREESCOLAR,11DJN0269Q - DR. D. FRANCISCO LEAL,CALLE ALICIA NUMERO EXTERIOR: 305  COLONIA ORIENTAL CODIGO POST,COLONIA ORIENTAL,LEÓN,21.106586,-101.653088,04-oct-25,1,si,si,si,si,si,si,no,51.03,19.13,La conexión fue rápida pero presentó pequeños cortes,José Mosqueda,6
102,Fibra Óptica,ESCUELA,SECUNDARIA,11DES0028B - SECUNDARIA GENERAL HERMANOS FLORES MAGON,CARRETERA LEON SAN FRANCISCOSN KILOMETRO 1.5,COLONIA PORTALES DE SAN SEBASTIAN,LEÓN,21.10182,-101.70554,02-oct-25,1,no,si,si,si,si,si,no,0,0,No se pudo realizar el test de velocidad ya que la conexión es inestable puede deberse a que el acces point está lejos de la calle y no se nos permitió ingresar al plantel,Rafael Amaral,5
107,Fibra Óptica,ESCUELA,SECUNDARIA,"11DES0072P - SECUNDARIA GENERAL N° 7 ""MARGARITA PAZ PAREDES""",SEVILLA NUM. 2201 SEGUNDA SECCION PILETAS,COLONIA PILETAS SEGUNDA SECCION,LEÓN,21.1406,-101.70609,03-oct-25,1,si,si,si,si,si,si,si,37.34,36.29,La conexión fue rápida y constante la navegación fue fluida no se observan anomalías tiene buena señal,Rafael Amaral,7
109,Fibra Óptica,ESCUELA,SECUNDARIA,11DES0084U - SECUNDARIA GENERAL HILARIO MEDINA,BOULEVARD FRANCISCO VILLA Y EGIPTO S/N,COLONIA LOS ANGELES,LEÓN,21.13391,-101.64409,01-oct-25,1,si,si,si,si,si,si,si,23.73,25.45,La conexión fue rápida y constante la navegación fue fluida no se observan anomalías tiene buena señal,José Mosqueda,7
114,Fibra Óptica,ESCUELA,SECUNDARIA,11DES0097Y - PEDRO MORENO,JOSEFINA CAMARENA NUM. 901,COLONIA LEON II,LEÓN,21.10845,-101.7283,03-oct-25,1,si,si,si,si,si,si,si,21.33,34.35,El Director de la institución comenta que el servicio se interrumpe demasiado hay mucha población y no es suficiente puede deberse a la cantidad de dispositivos que permiten los acces point puede que se resuelva aumentando la cantidad o en su defecto agregando otro acces point,José Mosqueda,7
128,Fibra Óptica,ESCUELA,PREESCOLAR,11DJN0060A - ZORAIDA PINEDA,CALLE MANANTIAL NUMERO EXTERIOR: 203  COLONIA FUTURAMA MONTERREY,COLONIA FUTURAMA MONTERREY,LEÓN,21.14996,-101.68824,03-oct-25,1,si,si,si,si,si,si,si,50.44,61.88,La conexión fue rápida y constante la navegación fue fluida no se observan anomalías tiene buena señal,José Mosqueda,7
131,Fibra Óptica,ESCUELA,PREESCOLAR,11DJN0078Z - MANUEL DOBLADO,CUITLAHUAC Y CHIMALPOPOCA S/N ESQUINA CHIMALPOPOCA,COLONIA AZTECA,LEÓN,21.10105,-101.65532,04-oct-25,1,si,si,si,si,si,si,si,50.28,53.99,La conexión fue rápida y constante la navegación fue fluida no se observan anomalías tiene buena señal,José Mosqueda,7
136,Fibra Óptica,ESCUELA,PREESCOLAR,11DJN0114O - NICOLAS RANGEL,PROLONGACION LA MERCED NUM. 1239,COLONIA SAN SEBASTIAN,LEÓN,21.10363,-101.7011,02-oct-25,1,si,si,si,si,si,si,si,40.26,21.65,La conexión fue rápida y constante la navegación fue fluida no se observan anomalías tiene buena señal,Rafael Amaral,7
142,Fibra Óptica,ESCUELA,PREESCOLAR,11DJN0197N - ALVARO OBREGON,DIEGO DE VELAZQUEZ NUM. 703,COLONIA JARDINES DEL ORIRNTE,LEÓN,21.12765,-101.64816,01-oct-25,1,si,si,si,si,si,si,si,64.16,42.08,La conexión fue rápida y constante la navegación fue fluida no se observan anomalías tiene buena señal,José Mosqueda,7
144,Fibra Óptica,ESCUELA,PREESCOLAR,11DJN0212P - CARMEN RAMOS DEL RIO,CALLE TRES NUM. 56 BOULEVARD MIGUEL DE CERVANTES SAAVEDRA,COLONIA CHULAVISTA,LEÓN,21.12003,-101.70858,03-oct-25,1,si,si,si,si,si,si,si,35.56,22.9,La conexión fue rápida y constante la navegación fue fluida no se observan anomalías tiene buena señal,José Mosqueda,7
147,Fibra Óptica,ESCUELA,PREESCOLAR,11DJN0226S - PROFRA. SILVINA LARA PARTIDA,LOS ANGELES NUM. 316,COLONIA LAS AMERICAS,LEÓN,21.10872,-101.69521,02-oct-25,1,si,si,si,si,si,si,si,42.5,12.8,La conexión fue rápida y constante la navegación fue fluida no se observan anomalías tiene buena señal,Rafael Amaral,7
148,Fibra Óptica,ESCUELA,PREESCOLAR,11DJN0227R - DR. JOSE DE JESUS GONZALEZ,SEVILLA Y CATALUÑA S/N,COLONIA SAN JUAN BOSCO,LEÓN,21.13452,-101.70735,03-oct-25,1,si,si,si,si,si,si,si,35.08,33.86,La conexión fue rápida y constante la navegación fue fluida no se observan anomalías tiene buena señal,José Mosqueda,7
163,Fibra Óptica,ESCUELA,PREESCOLAR,11DJN0327Q - MARIANO SILVA Y ACEVES,PLAZA PALMERIN S/N,COLONIA ARBOLEDAS,LEÓN,21.10259,-101.66411,04-oct-25,1,si,si,si,si,si,si,si,36.41,37.73,La conexión fue rápida y constante la navegación fue fluida no se observan anomalías tiene buena señal,José Mosqueda,7
164,Fibra Óptica,ESCUELA,PREESCOLAR,11DJN0331C - PROFRA. ROSAURA ZAPATA CANO,LAGUNA DEL CARMEN S/N,COLONIA LOMAS DE LA TRINIDAD,LEÓN,21.1393,-101.69745,03-oct-25,1,si,si,si,si,si,si,si,27.35,28.55,La conexión fue rápida y constante la navegación fue fluida no se observan anomalías tiene buena señal,José Mosqueda,7
200,Fibra Óptica,ESCUELA,PREESCOLAR,11DJN0888Z - MARIA CURIE,BOULEVARD KAROL WOJTYLA NUMERO EXTERIOR: SN FRACCIONAMIENTO VILL,COLONIA VILLAS DE SAN NICOLAS,LEÓN,21.11598,-101.58891,01-oct-25,1,si,si,si,si,si,si,si,68.24,61.19,La conexión fue rápida y constante la navegación fue fluida no se observan anomalías tiene buena señal,José Mosqueda,7
202,Fibra Óptica,ESCUELA,PREESCOLAR,11DJN2398Y - CARMEN NORMA MONROY,ISLA DE TODOS LOS SANTOS NUM. 104,COLONIA SATELITE,LEÓN,21.11529,-101.72177,03-oct-25,1,si,si,si,si,si,si,si,51.05,60.61,La conexión fue rápida y constante la navegación fue fluida no se observan anomalías tiene buena señal,José Mosqueda,7
204,Fibra Óptica,ESCUELA,PREESCOLAR,11DJN0954H - GENERAL ALVARO OBREGON,CALLE RODRIGUEZ NUMERO EXTERIOR: 114  BARRIO GUADALUPE CODIGO P,COLONIA BARRIO GUADALUPE,LEÓN,21.115172,-101.63907,04-oct-25,1,si,si,si,si,si,si,si,82.53,61.55,La conexión fue rápida y constante la navegación fue fluida no se observan anomalías tiene buena señal,José Mosqueda,7
211,Fibra Óptica,ESCUELA,PRIMARIA,11DPR0219Z - PRIMARIA IV CENTENARIO,RODRIGO DE VAZQUEZ S7N COL LAS TROJES LEON DE LOS ALDAMA,COLONIA LAS TROJES LEON DE LOS ALDAMA,LEÓN,21.13468,-101.66621,29-sep-25,1,si,si,si,si,si,si,si,42.42,40.68,La conexión fue rápida y constante la navegación fue fluida no se observan anomalías tiene buena señal,José Mosqueda,7
212,Fibra Óptica,ESCUELA,PREESCOLAR,11DJN2347R - LUIS DE LA BRENA,RINCONADA DE SAN PEDRO NUM. 119,COLONIA SAN PEDRO DE LOS HERNANDEZ,LEÓN,21.12049,-101.63503,04-oct-25,1,no,si,si,si,si,no,no,35.03,30.96,Hay mucha interrupción en la navegación,José Mosqueda,4
214,Fibra Óptica,ESCUELA,PREESCOLAR,11DJN2351D - MA. ROSARIO GUTIERREZ ESKILDSEN,ETA NUM. 510,COLONIA SAN JOSE EL ALTO,LEÓN,21.08449,-101.61864,01-oct-25,1,si,si,si,si,si,si,si,15.65,29.47,La conexión fue rápida y constante la navegación fue fluida no se observan anomalías tiene buena señal,José Mosqueda,7
215,Fibra Óptica,ESCUELA,PREESCOLAR,11DJN2352C - GREGORIO TORRES QUINTERO,SIERRA DE SAN PEDRO NUM. 121,COLONIA LAS HILAMAS,LEÓN,21.10889,-101.72598,03-oct-25,1,si,si,si,si,si,si,si,60.26,12.22,La conexión fue rápida y constante la navegación fue fluida no se observan anomalías tiene buena señal,José Mosqueda,7
216,Fibra Óptica,ESCUELA,PREESCOLAR,11DJN2356Z - ENRIQUE C REBSAMEN,ARRAYAN Y MADRE SELVA S/N ESQUINA MADRE SELVA,COLONIA JARDINES DE SAN PEDRO,LEÓN,21.11085,-101.63195,04-oct-25,1,si,si,si,si,si,si,si,18.78,32.27,La conexión fue rápida y constante la navegación fue fluida no se observan anomalías tiene buena señal,José Mosqueda,7
222,Fibra Óptica,ESCUELA,PREESCOLAR,11DJN2611Z - ANDRES DELGADO,JOAQUIN MORENO S/N MALECON DEL RIO,COLONIA RINCON DE LA FLORIDA,LEÓN,21.14305,-101.67734,29-sep-25,1,si,si,si,si,si,si,si,23.36,32.07,La conexión fue rápida y constante la navegación fue fluida no se observan anomalías tiene buena señal,José Mosqueda,7
224,Fibra Óptica,ESCUELA,PREESCOLAR,11DJN2627A - TLAMATINI,MAR EGEO Y MAR MEDITERRANEO,COLONIA INFONAVIT GRANADA ,LEÓN,21.14344,-101.70083,30-sep-25,1,si,si,si,si,si,si,si,66.3,22.12,La conexión fue rápida y constante la navegación fue fluida no se observan anomalías tiene buena señal,José Mosqueda,7
231,Fibra Óptica,ESCUELA,PREESCOLAR,11DJN2774K - ALFRED ADLER,CALLE HEGEL NUMERO EXTERIOR: 501  FRACCIONAMIENTO CENTRO FAMILIA,COLONIA LA SOLEDAD,LEÓN,21.14008,-101.75378,30-sep-25,1,si,si,si,si,si,si,si,0,0,No se pudo realizar el test de velocidad ya que la conexión es inestable puede deberse a que el acces point está lejos de la calle y no se nos permitió ingresar al plantel,Rafael Amaral,7
233,Fibra Óptica,ESCUELA,PREESCOLAR,11DJN2808K - EMILIANO ZAPATA,CALLE AQUILES SERDAN NUMERO EXTERIOR: SN EJIDO LA JOYA CODIGO P,COMUNIDAD LA JOYA ,LEÓN,21.142942,-101.737586,30-sep-25,1,si,si,si,si,si,si,si,100.28,65.04,La conexión fue rápida y constante la navegación fue fluida no se observan anomalías tiene buena señal,José Mosqueda,7
234,Fibra Óptica,ESCUELA,PREESCOLAR,11DJN2824B - FRANCISCO MARQUEZ,CALLE CAMINO A LA PRESA DEL SALTO NUMERO EXTERIOR: SN FRACCIONAM,COLONIA SAN JOSE DEL POTRERO,LEÓN,21.12926,-101.59872,01-oct-25,1,si,si,si,si,si,si,si,74.22,79.01,La conexión fue rápida y constante la navegación fue fluida no se observan anomalías tiene buena señal,José Mosqueda,7
241,Fibra Óptica,ESCUELA,PREESCOLAR,11DJN2882S - NIÑOS HEROES,CALLE PADRE ROBERTO GUERRA NUMERO EXTERIOR: SN COLONIA LOS ANGEL,COLONIA LOS ANGELES,LEÓN,21.128907,-101.638987,29-sep-25,1,si,si,si,si,si,si,si,65.96,83.7,La conexión fue rápida y constante la navegación fue fluida no se observan anomalías tiene buena señal,José Mosqueda,7
242,Fibra Óptica,ESCUELA,PREESCOLAR,11DJN2902P - JUAN ALDAMA,OBSERVATORIO NUM. 102 UNIVERSIDAD DE LA SALLE,COLONIA MIRADOR CAMPESTRE,LEÓN,21.14747,-101.71567,30-sep-25,1,si,si,si,si,si,si,si,19.67,38.38,La conexión fue rápida y constante la navegación fue fluida no se observan anomalías tiene buena señal,José Mosqueda,7
248,Fibra Óptica,ESCUELA,PREESCOLAR,11DJN3269K - DIEGO VELAZQUEZ,CALLE CAMINO A SAN JOSE DEL POTRERO NUMERO EXTERIOR: SN FRACCION,COLONIA PEDREGAL DEL CARMEN,LEÓN,21.11633,-101.6096,01-oct-25,1,si,si,si,no,si,si,si,43.63,16.91,La conexión fue rápida hubo un pequeño lapso que no mostró de manera correcta el Youtube pero lo demás fue fluido tiene buena señal,José Mosqueda,6
254,Fibra Óptica,ESCUELA,PREESCOLAR,11DJN3671V - CALMECAC,JOSE DE JESUS LIRA NUM. 110 BOULEVARD MARIANO ESCOBEDO,COLONIA LEON II,LEÓN,21.11657,-101.73038,30-sep-25,1,si,si,si,si,si,si,si,11.03,33.51,La conexión fue rápida y constante la navegación fue fluida no se observan anomalías tiene buena señal pero es bajo el ancho de banda,José Mosqueda,7
256,Fibra Óptica,ESCUELA,PREESCOLAR,11DJN3755C - JUAN AMOS COMENIO,CALLE RIOLITA Y CALIZA NUMERO EXTERIOR: SN COLONIA REAL DE LA JO,COLONIA REAL DE LA JOYA,LEÓN,21.1526,-101.75777,30-sep-25,1,si,si,si,si,si,si,si,14.84,36.17,La conexión fue rápida y constante la navegación fue fluida no se observan anomalías tiene buena señal,José Mosqueda,7
257,Fibra Óptica,OFICINA GUBERNAMENTAL,N/A,UNIDAD DE TELEVISION DE GUANAJUATO,CALLE OAXACA 502 COLONIA ARBIDE LEÓN GTO,COLONIA ARBIDE,LEÓN,21.122704,-101.693419,30-sep-25,1,si,si,si,si,si,si,si,46.21,40.37,La conexión fue rápida y constante la navegación fue fluida no se observan anomalías tiene buena señal,José Mosqueda,7
259,Fibra Óptica,ESCUELA,PREESCOLAR,11DJN3765J - JOSE VASCONCELOS,CALLE MATISSE NUMERO EXTERIOR: 121  COLONIA SAN MIGUEL DE RENTAR,COLONIA SAN MIGUEL DE RENTERIA,LEÓN,21.12249,-101.64601,01-oct-25,1,si,si,si,si,si,si,si,55.76,43.01,La conexión fue rápida y constante la navegación fue fluida no se observan anomalías tiene buena señal,José Mosqueda,7
266,Fibra Óptica,ESCUELA,PREESCOLAR,11DJN4088H - RAUL BOLAÑOS MARTINEZ,QUIO S/N ANTIGUA CARRETERA A LAGOS DE MORENO,COLONIA LA ERMITA,LEÓN,21.15031,-101.73293,30-sep-25,1,si,si,si,si,si,si,si,63.86,30.63,La conexión fue rápida y constante la navegación fue fluida no se observan anomalías tiene buena señal,José Mosqueda,7
269,Fibra Óptica,ESCUELA,PREESCOLAR,11DJN4121Z - OCTAVIO PAZ,CALLE DE LA POSTURA NUMERO EXTERIOR: SN FRACCIONAMIENTO NUEVO AM,COLONIA NUEVO AMANECER,LEÓN,21.11683,-101.6031,01-oct-25,1,si,si,si,si,si,si,si,99.43,73.41,La conexión fue rápida y constante la navegación fue fluida no se observan anomalías tiene buena señal,Rafael Amaral,7
274,Fibra Óptica,ESCUELA,PREESCOLAR,11DJN4146H - LEV SEMENOVICH VIGOTSKY,CALLE FRAY RICARDO NUMERO EXTERIOR: 202  COLONIA AMPLIACION SAN,COLONIA AMPLIACION SAN FRANCISCO,LEÓN,21.096453,-101.598573,01-oct-25,1,si,si,si,si,si,si,no,20.2,9.1,La conexión fue rápida y constante la navegación fue fluida no se observan anomalías tiene buena señal solo que presentó perdida de paquetes puede deberse a la lejanía del Acces Point y no se nos permitio el ingreso al plantel,José Mosqueda,6
275,Fibra Óptica,ESCUELA,PREESCOLAR,11DJN4148F - SALVADOR DIAZ MIRON,FLOR DE HIELO S/N,COLONIA CONVIVE,LEÓN,21.12446,-101.74466,30-sep-25,1,si,si,si,si,si,si,si,27.74,11.76,La conexión fue rápida y constante la navegación fue fluida no se observan anomalías tiene buena señal,José Mosqueda,7
287,Fibra Óptica,ESCUELA,PRIMARIA,11DPR0923E - HEROES DE CHAPULTEPEC,CALLE FERNANDO MONTES DE OCA NUMERO EXTERIOR: 204  COLONIA HEROE,COLONIA HEROES DE CHAPULTEPEC,LEÓN,21.14207,-101.67757,29-sep-25,1,si,si,si,si,si,si,si,65.36,76.68,La conexión fue rápida y constante la navegación fue fluida no se observan anomalías tiene buena señal,José Mosqueda,7
295,Fibra Óptica,ESCUELA,PRIMARIA,11DPR0205W - JUAN ALDAMA,OCEANO ATLANTICO NUM. 302,COLONIA LINDAVISTA,LEÓN,21.144442,-101.7038,03-oct-25,1,si,si,si,si,si,si,si,16.99,33.48,La conexión fue rápida y constante la navegación fue fluida no se observan anomalías tiene buena señal,Rafael Amaral,7
298,Fibra Óptica,ESCUELA,PRIMARIA,11DPR0328F - J. JESUS MAYAGOITIA JAIME,LUIS FREG NUM. 304-A,COLONIA PLAZA DE TOROS,LEÓN,21.1009,-101.69466,02-oct-25,1,si,si,si,si,si,si,si,101.82,69.64,La conexión fue rápida y constante la navegación fue fluida no se observan anomalías tiene buena señal,José Mosqueda,7
305,Fibra Óptica,ESCUELA,PRIMARIA,11DPR0350H - IGNACIO ZARAGOZA,CAMINO PANORAMA NUM. 10803,COLONIA VALLE DEL CAMPESTRE,LEÓN,21.15585,-101.69033,29-sep-25,1,si,si,si,no,si,si,no,18.33,24.28,La conexión es intermitente puede deberse a que el acces point está lejos de la calle y no se nos permitió el ingreso al plantel,José Mosqueda,5
307,Fibra Óptica,ESCUELA,PRIMARIA,11DPR1429K - CUAUHTEMOC,NOGAL NUM. 127,COLONIA LAS ARBOLEDAS,LEÓN,21.10349,-101.66767,04-oct-25,1,si,si,si,si,si,si,si,66.58,25.95,La conexión fue rápida y constante la navegación fue fluida no se observan anomalías tiene buena señal,José Mosqueda,7
312,Fibra Óptica,ESCUELA,PRIMARIA,11DPR0545U - GENERAL VICENTE GUERRERO,FERROCARRILES NACIONALES S/N,COLONIA LOMAS DE ARBIDE,LEÓN,21.12172,-101.70778,03-oct-25,1,si,si,si,si,si,si,si,0,0,No se pudo realizar el test de velocidad ya que la conexión es inestable puede deberse a que el acces point está lejos de la calle y no se nos permitió ingresar al plantel,José Mosqueda,7
313,Fibra Óptica,ESCUELA,PRIMARIA,11DPR0548R - PROFR. FRANCISCO TORRES SOTELO,FRANCISCO VILLA NUM. 402,COLONIA BUGAMBILIAS,LEÓN,21.119,-101.65036,01-oct-25,1,si,si,si,si,si,si,si,115.42,31.85,La conexión fue rápida y constante la navegación fue fluida no se observan anomalías tiene buena señal,José Mosqueda,7
322,Fibra Óptica,ESCUELA,PRIMARIA,11DPR0702U - BENITO JUAREZ,PARQUE VIA Y DEL VALLE S/N,COLONIA PARQUE MANZANARES,LEÓN,21.109,-101.64915,04-oct-25,1,si,si,si,si,si,si,si,9.97,11.94,La conexión fue rápida y constante la navegación fue fluida no se observan anomalías tiene buena señal pero es bajo el ancho de banda,José Mosqueda,7
333,Fibra Óptica,ESCUELA,PRIMARIA,11DPR0922F - INSURGENTES,CAMPECHE NUM. 1401,COLONIA CHAPALITA,LEÓN,21.12693,-101.70362,03-oct-25,1,si,si,si,si,si,si,si,7.59,10.02,La conexión fue rápida y constante la navegación fue fluida no se observan anomalías tiene buena señal pero es bajo el ancho de banda,José Mosqueda,7
339,Fibra Óptica,ESCUELA,PRIMARIA,11DPR0956W - TENOCHTITLAN,CUITLAHUAC Y PRADERA S/N JUNTO AL ISSSTE,COLONIA AZTECA,LEÓN,21.098794,-101.65069,04-oct-25,1,no,si,si,si,si,si,no,60.04,13.2,El servicio es muy inestable a pesar de estar cerca del acces point tiene buen ancho de banda,José Mosqueda,5
342,Fibra Óptica,ESCUELA,PRIMARIA,11DPR0965D - MARGARITA MAZA DE JUAREZ,ANTONIO ALZATE NUM. 301,COLONIA HIDALGO,LEÓN,21.14124,-101.67006,29-sep-25,1,si,si,si,si,si,si,si,50.32,46.21,La conexión fue rápida y constante la navegación fue fluida no se observan anomalías tiene buena señal,José Mosqueda,7
352,Fibra Óptica,ESCUELA,PRIMARIA,11DPR1060Y - IGNACIO LOPEZ RAYON,ARENA NORTE S/N,COLONIA SAN MIGUEL,LEÓN,21.10571,-101.68573,02-oct-25,1,si,si,si,si,si,si,si,40.53,39.67,La conexión fue rápida y constante la navegación fue fluida no se observan anomalías tiene buena señal,Rafael Amaral,7
354,Fibra Óptica,ESCUELA,PRIMARIA,11DPR1065T - 5 DE FEBRERO,SANTANDER NUM. 1703 AJUSCO,COLONIA LAS PILETAS,LEÓN,21.13849,-101.70776,03-oct-25,1,si,si,si,si,si,si,si,10.62,12.26,La conexión fue rápida y constante la navegación fue fluida no se observan anomalías tiene buena señal pero es bajo el ancho de banda,Rafael Amaral,7
355,Fibra Óptica,ESCUELA,PRIMARIA,11DPR1540F - SEBASTIAN LERDO DE TEJADA,PICO DE ORIZABA NUM. 602,COLONIA LAS PILETAS,LEÓN,21.13888,-101.69905,03-oct-25,1,si,si,si,si,si,si,no,10.46,19.35,La conexión fue rápida presentó intermitencia tiene buena señal pero es bajo el ancho de banda,José Mosqueda,6
358,Fibra Óptica,ESCUELA,PRIMARIA,11DPR1111O - MARIANA RODRIGUEZ DE LAZARIN,MIGUEL ANGEL Y VERME NUM. 412,COLONIA JARDINES DEL ORIENTE,LEÓN,21.12774,-101.64878,01-oct-25,1,si,si,si,si,si,si,si,67.9,48.03,La conexión fue rápida y constante la navegación fue fluida no se observan anomalías tiene buena señal pero es bajo el ancho de banda,José Mosqueda,7
359,Fibra Óptica,ESCUELA,PRIMARIA,11DPR1115K - LIC. ADOLFO LOPEZ MATEOS,CALLE ROSSINI NUMERO EXTERIOR: 1  COLONIA LAS ARBOLEDAS CODIGO,COLONIA LAS ARBOLEDAS,LEÓN,21.1026,-101.66695,04-oct-25,1,si,si,si,si,si,si,si,9.55,20.18,La conexión fue rápida y constante la navegación fue fluida no se observan anomalías tiene buena señal pero es bajo el ancho de banda,José Mosqueda,7
369,Fibra Óptica,ESCUELA,PRIMARIA,11DPR1257I - NIÑOS HEROES DE CHAPULTEPEC,ARRAYAN NUM. 304,COLONIA JARDINES DE SAN PEDRO,LEÓN,21.11081,-101.63275,04-oct-25,1,si,si,si,si,si,si,no,9.15,6.01,La conexión fue rápida sin embargo hay muchos cortes al momento de navegar se interrumpio la conexión en diversas ocasiones,José Mosqueda,6
372,Fibra Óptica,ESCUELA,PRIMARIA,11DPR1341G - JOSE MA MORELOS Y PAVON,ROCIO Y LLUVIA S/N,COLONIA JARDINES DEL MORAL,LEÓN,21.14549,-101.68668,30-sep-25,1,si,si,si,si,si,si,si,58.82,50.21,La conexión fue rápida y constante la navegación fue fluida no se observan anomalías tiene buena señal,Rafael Amaral,7
380,Fibra Óptica,ESCUELA,PRIMARIA,11DPR2091Y - ENSEÑA PATRIA,PROLONGACION LA MERCED NUM. 1608,COLONIA SANTA RITA,LEÓN,21.10364,-101.70253,02-oct-25,1,si,si,si,si,si,si,si,36.58,21.15,La conexión fue rápida y constante la navegación fue fluida no se observan anomalías tiene buena señal,José Mosqueda,7
381,Fibra Óptica,ESCUELA,PRIMARIA,11DPR1917A - SOCRATES CASTELLANOS PIKE,MIZAR S/N,COLONIA OBSERVATORIO II,LEÓN,21.1441,-101.733326,30-sep-25,1,si,si,si,si,si,si,si,30.01,10.75,La conexión fue rápida y constante la navegación fue fluida no se observan anomalías tiene buena señal,José Mosqueda,7
382,Fibra Óptica,ESCUELA,PRIMARIA,11DPR1538R - EL NIGROMANTE,PANAMA NUM. 142,COLONIA OBRERA,LEÓN,21.12994,-101.68954,30-sep-25,1,si,si,si,si,si,si,si,71.21,72.77,La conexión fue rápida y constante la navegación fue fluida no se observan anomalías tiene buena señal,Rafael Amaral,7
384,Fibra Óptica,ESCUELA,PRIMARIA,11DPR1552K - GUADALUPE VICTORIA,CHUPICUARO NUM. 602,COLONIA LA BRISA,LEÓN,21.13291,-101.67433,29-sep-25,1,si,si,si,si,si,si,si,52.2,103,La conexión fue rápida y constante la navegación fue fluida no se observan anomalías tiene buena señal,José Mosqueda,7
386,Fibra Óptica,ESCUELA,PRIMARIA,11DPR1549X - PRAXEDIS G. GUERRERO,LAUREL NUM. 208,COLONIA LAURELES DE LA FLORIDA,LEÓN,21.16548,-101.69022,29-sep-25,1,si,si,si,si,si,no,no,0,0,No se pudo realizar el test de velocidad ya que la conexión es inestable puede deberse a que el acces point está lejos de la calle y no se nos permitió ingresar al plantel,José Mosqueda,5
387,Fibra Óptica,OFICINA GUBERNAMENTAL,N/A,CASA DEL JUBILADO LEON,Blvd. Vasco de Quiroga 1301 Real Providencia II 37234 Leon de los Aldama Gto.,COLONIA REAL PROVIDENCIA II,LEÓN,21.134588,-101.651968,29-sep-25,1,si,si,si,si,si,si,si,70.67,108.31,La señal es muy débil tiene un rango de 5mts aproximadamente ya lo han reportado,José Mosqueda,7
388,Fibra Óptica,ESCUELA,PRIMARIA,11DPR1564P - GABINO BARREDA,AVENIDA PLANETA Y VIRGINIA VAZQUEZ LIMONES,COLONIA LOS LIMONES,LEÓN,21.10855,-101.70041,02-oct-25,1,si,si,si,si,si,si,si,50.02,28.5,La conexión fue rápida y constante la navegación fue fluida no se observan anomalías tiene buena señal,José Mosqueda,7
389,Fibra Óptica,ESCUELA,PRIMARIA,11DPR1600D - HERMENEGILDO GALEANA SERTOMA,CALLE JULIAN CARRILLO NUMERO EXTERIOR: 102  COLONIA CASA BLANCA,COLONIA CASA BLANCA,LEÓN,21.15079,-101.67958,29-sep-25,1,si,si,si,si,si,si,si,16.91,24.58,La conexión fue rápida y constante la navegación fue fluida no se observan anomalías tiene buena señal,José Mosqueda,7
396,Fibra Óptica,ESCUELA,PRIMARIA,11DPR1834S - HERMANOS ALDAMA,IRAPUATO NUM. 1200,COLONIA INDUSTRIAL,LEÓN,21.1336,-101.69745,30-sep-25,1,si,si,si,si,si,si,si,14.1,32.47,La conexión fue rápida y constante la navegación fue fluida no se observan anomalías tiene buena señal,José Mosqueda,7
400,Fibra Óptica,ESCUELA,PRIMARIA,11DPR1921N - CARLOS A CARRILLO,JORULLO S/N,COLONIA PILETAS,LEÓN,21.13786,-101.70823,03-oct-25,1,si,si,si,si,si,si,si,15.31,33.41,La conexión fue rápida y constante la navegación fue fluida no se observan anomalías tiene buena señal,José Mosqueda,7
401,Fibra Óptica,ESCUELA,PRIMARIA,11DPR2102N - JUSTO SIERRA,AVENIDA LA MERCED Y TURQUESA S/N,COLONIA GUADALUPE,LEÓN,21.11172,-101.69312,02-oct-25,1,si,si,si,si,si,si,si,14.04,54.83,La conexión fue rápida y constante la navegación fue fluida no se observan anomalías tiene buena señal,José Mosqueda,7
416,Fibra Óptica,ESCUELA,PRIMARIA,11DPR2437Z - ATANASIO HERNANDEZ ROMO,ISLA CORONADO NUM. 104 JUNTO AL HOSPITAL MATERNO INFANTIL,COLONIA SATELITE,LEÓN,21.11549,-101.72231,03-oct-25,1,si,si,si,si,si,si,no,34.56,15.1,Hubo intermitencia en la navegación se interrumpía mucho la conexión,José Mosqueda,6
422,Fibra Óptica,ESCUELA,PRIMARIA,11DPR2653P - LIC. ADOLFO LOPEZ MATEOS,PROLONGACION LA MERCED NUMERO EXTERIOR: 1606  COLONIA SANTA RITA,COLONIA SANTA RITA,LEÓN,21.10323,-101.70293,02-oct-25,1,si,si,si,si,si,si,si,114.94,90.05,La conexión fue rápida y constante la navegación fue fluida no se observan anomalías tiene buena señal,Rafael Amaral,7
428,Fibra Óptica,ESCUELA,PRIMARIA,11DPR2706D - ANTONIO SANCHEZ HERRERA,TACAMBARO NUM. 201,COLONIA LA BRISA,LEÓN,21.13112,-101.67491,29-sep-25,1,si,si,si,si,si,si,si,14.17,39.33,La conexión fue rápida y constante la navegación fue fluida no se observan anomalías tiene buena señal,José Mosqueda,7
435,Fibra Óptica,ESCUELA,PRIMARIA,11DPR3129A - NETZAHUALCOYOTL,HALCON Y ORIOL S/N COL. SAN SEBASTIAN,COLONIA JARDINES DE SAN SEBASTIAN,LEÓN,21.099642,-101.702191,02-oct-25,1,si,si,si,si,si,si,si,89.31,68.49,La conexión fue rápida y constante la navegación fue fluida no se observan anomalías tiene buena señal,José Mosqueda,7
438,Fibra Óptica,ESCUELA,PRIMARIA,11DPR3870K - JUVENTINO ROSAS,AVENIDA VALLE DE FATIMA S/N,COLONIA VALLE DE LA LUZ,LEÓN,21.10294,-101.60207,01-oct-25,1,si,si,si,si,si,si,si,33.91,33.38,La conexión fue rápida y constante la navegación fue fluida no se observan anomalías tiene buena señal,José Mosqueda,7
439,Fibra Óptica,ESCUELA,SECUNDARIA,11DES0108N - SECUNDARIA GENERAL,DOMENICO IBAÑEZ DE ARQUICIA NUM. SN CLUB CINEGETICO DEL BAJIO,COLONIA VILLAS DE SAN NICOLAS II,LEÓN,21.124664,-101.589361,01-oct-25,1,si,si,si,si,si,si,si,18.82,24.25,La conexión fue rápida y constante la navegación fue fluida no se observan anomalías tiene buena señal,José Mosqueda,7
445,Fibra Óptica,ESCUELA,PRIMARIA,11DPR3317U - JOSE MARIA MORELOS Y PAVON,CALLE PASCAL KANT NUMERO EXTERIOR: 402  FRACCIONAMIENTO CENTRO F,COLONIA LA SOLEDAD,LEÓN,21.13931,-101.75396,30-sep-25,1,si,si,si,si,si,si,si,75.72,45.52,La conexión fue rápida y constante la navegación fue fluida no se observan anomalías tiene buena señal,José Mosqueda,7
447,Fibra Óptica,ESCUELA,PRIMARIA,11DPR3340V - JUVENTINO ROSAS,MAR CARIBE NUM. 212,COLONIA INFONAVIT GRANADA,LEÓN,21.1433,-101.70074,30-sep-25,1,si,si,si,si,si,si,si,7.14,22.46,La conexión es muy intermitente no permitió realizar el test de velocidad puede deberse a la lejanía del Acces Ponit y no se nos permitió el ingreso a las instalaciones,José Mosqueda,7
458,Fibra Óptica,ESCUELA,PRIMARIA,11DPR3426A - LUIS CHAVEZ OROZCO,FRANCISCO JAVIER CLAVIJERO NUM. 312,COLONIA HIDALGO,LEÓN,21.14135,-101.66932,29-sep-25,1,si,si,si,si,si,si,no,9.62,36.4,La conexión es intermitente y tiene pocos megas de bajada puede deberse a que el acces point está lejos de la calle y no se nos permitió el ingreso al plantel,José Mosqueda,6
465,Fibra Óptica,ESCUELA,PRIMARIA,11DPR3908G - EFRAIN HUERTA,AVENIDA JOYAS DE CASTILLA NUM. SN -B,COLONIA JOYAS DE CASTILLA,LEÓN,21.134138,-101.756474,30-sep-25,1,si,si,si,si,si,si,si,52.41,32.32,La conexión fue rápida y constante la navegación fue fluida no se observan anomalías tiene buena señal,José Mosqueda,7
468,Fibra Óptica,ESCUELA,PRIMARIA,11DPR3521E - LIC. LUIS DONALDO COLOSIO MURRIETA,AVENIDA SATURNO NUMERO EXTERIOR: 1601  COLONIA LOS ANGELES CODI,COLONIA LOS ANGELES,LEÓN,21.13009,-101.63934,29-sep-25,1,si,si,si,si,si,si,si,35.3,13.07,La conexión fue rápida y constante la navegación fue fluida no se observan anomalías tiene buena señal,José Mosqueda,7
478,Fibra Óptica,ESCUELA,PRIMARIA,11DPR3672K - BELISARIO DOMINGUEZ,JOSEFINA CAMARENA NUM. 301,COLONIA LEON II,LEÓN,21.11728,-101.73036,30-sep-25,1,no,si,si,si,si,si,no,0,0,La conexión es muy intermitente no permitió realizar el test de velocidad puede deberse a la lejanía del Acces Ponit y no se nos permitió el ingreso a las instalaciones,José Mosqueda,5
479,Fibra Óptica,ESCUELA,PRIMARIA,11DPR1345C - GENERAL GUADALUPE VICTORIA,CALLE CRUZ DE PALMA NUMERO EXTERIOR: 105  EJIDO LA JOYA CODIGO,COLONIA LA JOYA,LEÓN,21.14069,-101.73911,30-sep-25,1,si,si,si,no,si,no,no,0,0,No se pudo realizar el test de velocidad ya que la conexión es inestable puede deberse a que el acces point está lejos de la calle y no se nos permitió ingresar al plantel,José Mosqueda,4
487,Fibra Óptica,ESCUELA,PRIMARIA,11DPR3748J - FRANCISCO LOZORNIO CASTILLO,NUEVA GALICIA S/N A UN COSTADO DE LA TELESECUNDARIA 796,COLONIA VIBAR,LEÓN,21.12887,-101.72011,30-sep-25,1,si,si,si,no,si,si,si,28.91,34.03,La conexión fue rápida hubo un pequeño lapso que no mostró de manera correcta el Youtube pero lo demás fue fluido tiene buena señal,Rafael Amaral,6
488,Fibra Óptica,ESCUELA,PRIMARIA,11DPR3752W - JOSEFINA GOMEZ MENA,SIERRA DE SAN PEDRO NUM. 127,COLONIA LAS HILAMAS,LEÓN,21.1086,-101.72571,03-oct-25,1,si,si,si,si,si,si,si,18.53,6.27,Se logró la conexión y la navegación pero se mostró lenta al momento de resolver las peticiones,José Mosqueda,7
489,Fibra Óptica,ESCUELA,PRIMARIA,11DPR3768X - JOSE ROSAS MORENO,AVENIDA LAS VILLAS NUMERO EXTERIOR: 115  COLONIA AMPLIACION SAN,COLONIA AMPLIACION SAN FRANCISCO,LEÓN,21.09578,-101.59816,01-oct-25,1,si,si,si,no,si,si,si,34.22,16.17,La conexión fue rápida hubo un pequeño lapso que no mostró de manera correcta el Youtube pero lo demás fue fluido tiene buena señal,José Mosqueda,6
491,Fibra Óptica,ESCUELA,PRIMARIA,11DPR3770L - CUAUHTEMOC,BOULEVARD MARIANO LEAL NUM. 701,COLONIA HILAMAS 3RA. SECCION,LEÓN,21.10533,-101.73176,03-oct-25,1,si,si,si,si,si,si,si,31.62,38.43,La conexión fue rápida y constante la navegación fue fluida no se observan anomalías tiene buena señal,Rafael Amaral,7
499,Fibra Óptica,ESCUELA,PRIMARIA,11DPR3828V - PAULO FREIRE,FRACCIONAMIENTO TERESITA VALADEZ NUM. SN CARRETERA LEON-LAS JOYAS,COLONIA SINARQUISTAS,LEÓN,21.1438,-101.74875,30-sep-25,1,si,si,si,si,si,si,si,12.7,13.31,La conexión fue rápida y constante la navegación fue fluida no se observan anomalías tiene buena señal pero es bajo el ancho de banda,José Mosqueda,7
500,Fibra Óptica,ESCUELA,PRIMARIA,11DPR3831I - CLUB ROTARIO CHESTER SAWKO,CALLE KIRUNA NUMERO EXTERIOR: 417  FRACCIONAMIENTO AGUA AZUL CO,COLONIA AGUA AZUL,LEÓN,21.10347,-101.61317,01-oct-25,1,si,si,si,si,si,si,si,69.39,26.55,La conexión fue rápida y constante la navegación fue fluida no se observan anomalías tiene buena señal pero es bajo el ancho de banda,José Mosqueda,7
504,Fibra Óptica,ESCUELA,SECUNDARIA,11DST0001N - SECUNDARIA TECNICA NUM. 1,BOULEVARD ADOLFO LOPEZ MATEOS S/N,COLONIA ZONA CENTRO,LEÓN,21.12556,-101.68339,29-sep-25,1,no,no,no,no,no,no,no,0,0,En este sitio no se pudo realizar la conexión puede deberse a que el lugar es muy grande y la señal no llega muy bien a la calle no se nos permitió el acceso,José Mosqueda,0
524,Fibra Óptica,ESCUELA,SECUNDARIA,11DST0082O - SECUNDARIA TECNICA NUM. 58,SANTA LOURDES NUM. 500,COLONIA SAN PEDRO PLUS,LEÓN,21.12506,-101.63764,04-oct-25,1,si,si,si,si,si,si,si,34.95,32.24,La conexión fue rápida y constante la navegación fue fluida no se observan anomalías tiene buena señal,José Mosqueda,7
537,Fibra Óptica,ESCUELA,PREESCOLAR,11DJN4511O - ALFONSO GARCIA ROBLES,CALLE ANDADOR CAJA MARCA NUMERO EXTERIOR: 100  COLONIA POPULAR I,COLONIA POPULAR INCA,LEÓN,21.123793,-101.643002,01-oct-25,1,si,si,si,si,si,si,si,18.79,88.16,La conexión fue rápida y constante la navegación fue fluida no se observan anomalías tiene buena señal solo cargó la página web algo lento lo demás sin problema.,Rafael Amaral,7
552,Fibra Óptica,ESCUELA,PREESCOLAR,11EJN0080N - MARIA LUISA DIOSDADO,CALLE NARANJA NUMERO EXTERIOR: 103  COLONIA LOS LIMONES CODIGO,COLONIA LOS LIMONES,LEÓN,21.10909,-101.70023,02-oct-25,1,si,si,si,si,si,si,si,28.42,123.16,La conexión fue rápida y constante la navegación fue fluida no se observan anomalías tiene buena señal,Rafael Amaral,7
557,Fibra Óptica,ESCUELA,PREESCOLAR,11EJN0190T - JUAN ESCUTIA,CALLE ASTURIAS NUMERO EXTERIOR: 1801  COLONIA PILETAS II CODIGO,COLONIA PILETAS II,LEÓN,21.13841,-101.7096,03-oct-25,1,no,no,no,no,no,no,no,0,0,No cuenta con servicio a pesar de estar cerca el Acces Point no se recibe ningunna señal pareciera estar apagado,José Mosqueda,0
559,Fibra Óptica,ESCUELA,PREESCOLAR,11EJN0199K - RODOLFO PADILLA PADILLA,CALLE RIO GANGES NUMERO EXTERIOR: SN COLONIA LOMAS VISTA HERMOSA,COLONIA LOMAS VISTA HERMOSA SUR,LEÓN,21.12478,-101.70633,03-oct-25,1,si,si,si,si,si,si,si,98.36,31.6,La conexión fue rápida y constante la navegación fue fluida no se observan anomalías tiene buena señal,José Mosqueda,7
563,Fibra Óptica,ESCUELA,PREESCOLAR,11EJN0205E - ESCUELA PREESCOLAR EYUPOL,ANDADOR DIRIGENTES NUM. 302,COLONIA EYUPOL,LEÓN,21.11377,-101.62838,04-oct-25,1,si,si,si,si,si,si,si,11.5,16.01,La conexión fue rápida y constante la navegación fue fluida no se observan anomalías tiene buena señal pero es bajo el ancho de banda,José Mosqueda,7
564,Fibra Óptica,ESCUELA,PREESCOLAR,11EJN0206D - OVIDIO DECROLY,BOULEVARD CAMPECHE NUMERO EXTERIOR: 2001  COLONIA CHAPALITA COD,COLONIA CHAPALITA,LEÓN,21.12657,-101.70193,03-oct-25,1,si,si,si,si,si,si,si,108.29,96.62,La conexión fue rápida y constante la navegación fue fluida no se observan anomalías tiene buena señal,José Mosqueda,7
569,Fibra Óptica,ESCUELA,PREESCOLAR,11EJN0259I - AMADO NERVO,LOS ANGELES NUM. 102,COLONIA LAS AMERICAS,LEÓN,21.10846,-101.69478,02-oct-25,1,si,si,si,si,si,si,si,88,49.98,La conexión fue rápida y constante la navegación fue fluida no se observan anomalías tiene buena señal,José Mosqueda,7
570,Fibra Óptica,ESCUELA,PREESCOLAR,11EJN0261X - PAULO FREIRE,AVENIDA PASEO DE LAS GAVIOTAS NUM. 104,COLONIA SAN ISIDRO 37530.,LEÓN,21.09886,-101.64806,04-oct-25,1,si,si,si,si,si,si,si,60.04,13.2,La conexión fue rápida y constante la navegación fue fluida no se observan anomalías tiene buena señal,José Mosqueda,7
575,Fibra Óptica,ESCUELA,PREESCOLAR,11EJN0285G - ROSAURA ZAPATA,CUMBRES ESQ. RISCO NUM. 507 PRADERA,COLONIA PARQUE MANZANARES,LEÓN,21.10624,-101.64685,04-oct-25,1,si,si,si,si,si,si,si,49.07,4.52,La conexión fue rápida y constante la navegación fue fluida no se observan anomalías tiene buena señal,José Mosqueda,7
577,Fibra Óptica,ESCUELA,PREESCOLAR,11EJN0298K - EMMA GODOY,CALLE LILA NUMERO EXTERIOR: 120  CONJUNTO HABITACIONAL VILLA DE,COLONIACONJUNTO HABITACIONAL VILLA DE LAS FLORES,LEÓN,21.122833,-101.651342,01-oct-25,1,si,si,si,si,si,si,si,19.43,17.18,La conexión fue rápida y constante la navegación fue fluida no se observan anomalías tiene buena señal,Rafael Amaral,7
591,Fibra Óptica,ESCUELA,PREESCOLAR,11EJN0399I - ERASMO CASTELLANOS QUINTO,CIRCUITO ANTONIO VELAZQUEZ S/N,COLONIA PLAZA DE TOROS,LEÓN,21.09922,-101.69707,02-oct-25,1,si,si,si,si,si,si,si,88.22,50.81,La conexión fue rápida y constante la navegación fue fluida no se observan anomalías tiene buena señal,Rafael Amaral,7
592,Fibra Óptica,ESCUELA,PREESCOLAR,11EJN0401G - CUAUHTEMOC,ANDADOR SUPERACION NUM. 220,COLONIA JOL GUA VER,LEÓN,21.12124,-101.71771,03-oct-25,1,si,si,si,si,si,si,si,22.09,33.26,La conexión fue rápida y constante la navegación fue fluida no se observan anomalías tiene buena señal,José Mosqueda,7
599,Fibra Óptica,ESCUELA,PREESCOLAR,11EJN0421U - ROBERTO PLASCENCIA GUTIERREZ,BOULEVARD MARIANO ESCOBEDO NUM. 6804 PONIENTE,COLONIA HILAMAS 3RA. SECCION,LEÓN,21.1051,-101.73101,03-oct-25,1,si,si,si,si,si,si,si,61.66,112.09,La conexión fue rápida y constante la navegación fue fluida no se observan anomalías tiene buena señal,José Mosqueda,7
601,Fibra Óptica,ESCUELA,PREESCOLAR,11EJN0782E - CENTRO COMUNITARIO DE DESARROLLO DIF,ANCHA S/N BOULEVARD PROLONGACION LA LUZ,COLONIA SAN PEDRO DE LOS HERNANDEZ,LEÓN,21.12068,-101.6384,04-oct-25,1,si,si,si,si,si,si,si,24.81,34.65,La conexión fue rápida y constante la navegación fue fluida no se observan anomalías tiene buena señal,José Mosqueda,7
602,Fibra Óptica,ESCUELA,PREESCOLAR,11EJN0788Z - CENTRO DE DESARROLLO COMUNITARIO DIF,ARENA NORTE NUM. 311,COLONIA SAN MIGUEL,LEÓN,21.10586,-101.68668,02-oct-25,1,si,si,si,si,si,si,si,20.76,34.13,La conexión fue rápida y constante la navegación fue fluida no se observan anomalías tiene buena señal,José Mosqueda,7
606,Fibra Óptica,ESCUELA,PREESCOLAR,11EJN1189K - JUAN AMOS COMENO,PAJARO CARPINTERO S/N BOULEVARD TIMOTEO LOZANO,COLONIA SAN IGNACIO,LEÓN,21.09898,-101.70238,02-oct-25,1,si,si,si,si,si,si,si,50.9,49.97,La conexión fue rápida y constante la navegación fue fluida no se observan anomalías tiene buena señal,José Mosqueda,7
632,Fibra Óptica,ESCUELA,PRIMARIA,11EPR0166J - AQUILES SERDAN,CALLE BENITO JUAREZ NUMERO EXTERIOR: 231  COLONIA CENTRO CODIGO,COLONIA CENTRO,LEÓN,21.12036,-101.68349,29-sep-25,1,si,si,si,si,si,si,si,32.54,42.16,La conexión fue rápida y constante la navegación fue fluida no se observan anomalías tiene buena señal,José Mosqueda,7
635,Fibra Óptica,ESCUELA,PRIMARIA,11EPR0189U - EUFRASIA PANTOJA,AVENIDA MIGUEL ALEMAN NUMERO EXTERIOR: 202  COLONIA CENTRO CODI,COLONIA CENTRO,LEÓN,21.1252,-101.68554,29-sep-25,1,si,si,si,si,si,si,si,26.78,7.5,La conexión fue rápida y constante la navegación fue fluida no se observan anomalías tiene buena señal,José Mosqueda,7
636,Fibra Óptica,ESCUELA,PRIMARIA,11EPR0191I - ENRIQUE FLORES MAGON,TRES NUM. 502,COLONIA FLORES MAGON,LEÓN,21.12234,-101.71412,03-oct-25,1,si,si,si,si,si,si,si,43.5,42.18,La conexión fue rápida y constante la navegación fue fluida no se observan anomalías tiene buena señal,José Mosqueda,7
638,Fibra Óptica,ESCUELA,PRIMARIA,11EPR0207T - VICENTE GUERRERO 2,AQUILES SERDAN NUM. 124,COLONIA CENTRO,LEÓN,21.12345,-101.68464,30-sep-25,1,si,si,si,si,si,si,si,23.31,22.58,La conexión fue rápida y constante la navegación fue fluida no se observan anomalías tiene buena señal,José Mosqueda,7
640,Fibra Óptica,ESCUELA,PRIMARIA,11EPR0213D - RAMONA DE ALBA PONCE,CALLE EMILIANO ZAPATA NUMERO EXTERIOR: 307  COLONIA CENTRO CODI,COLONIA CENTRO,LEÓN,21.11855,-101.68189,29-sep-25,1,si,si,si,si,si,si,si,23.31,22.58,La conexión fue rápida y constante la navegación fue fluida no se observan anomalías tiene buena señal,José Mosqueda,7
642,Fibra Óptica,ESCUELA,PRIMARIA,11EPR0220N - MARTIN MUÑOZ,CAMPECHE Y PERU NUM. SN,COLONIA OBRERA,LEÓN,21.1251,-101.69286,30-sep-25,1,no,no,si,no,si,no,no,50.17,30.22,No se puede completar la revisión del sitio debido a la intermitencia puede deberse a la lejanía del Acces Point no se nos permitio el ingreso al plantel,José Mosqueda,2
650,Fibra Óptica,ESCUELA,PRIMARIA,11EPR0388T - LEONA VICARIO,27 DE SEPTIEMBRE NUM. 625,COLONIA EL BARRIO,LEÓN,21.1314,-101.68304,30-sep-25,1,si,si,si,si,si,si,si,48.07,13.61,La conexión fue rápida y constante la navegación fue fluida no se observan anomalías tiene buena señal,José Mosqueda,7
652,Fibra Óptica,ESCUELA,PRIMARIA,11EPR0392F - FRANCISCO GONZALEZ BOCANEGRA,CAMPANARIO NUM. 159,COLONIA SAN PEDRO DE LOS HERNANDEZ,LEÓN,21.12322,-101.63634,04-oct-25,1,si,si,si,si,si,si,si,21.12,13.51,La conexión fue rápida y constante la navegación fue fluida no se observan anomalías tiene buena señal,José Mosqueda,7
653,Fibra Óptica,ESCUELA,PRIMARIA,11EPR0396B - FRANCISCO J. MUJICA,ALICIA S/N,COLONIA ORIENTAL,LEÓN,21.10784,-101.65237,04-oct-25,1,si,si,si,si,si,si,si,35.76,38.75,La conexión fue rápida y constante la navegación fue fluida no se observan anomalías tiene buena señal,José Mosqueda,7
663,Fibra Óptica,ESCUELA,PRIMARIA,11EPR0486U - QUETZALCOATL,ESTAMBUL NUM. 718,COLONIA LOS ANGELES,LEÓN,21.133968,-101.645752,01-oct-25,1,si,si,si,si,si,si,si,65.08,31.02,La conexión fue rápida y constante la navegación fue fluida no se observan anomalías tiene buena señal,José Mosqueda,7
670,Fibra Óptica,ESCUELA,PRIMARIA,11EPR0659V - EYUPOL,ANDADOR EL DESPALME NUM. 101,COLONIA EYUPOL,LEÓN,21.11249,-101.62889,04-oct-25,1,si,si,si,si,si,si,si,53.58,14.58,La conexión fue rápida y constante la navegación fue fluida no se observan anomalías tiene buena señal,José Mosqueda,7
679,Fibra Óptica,ESCUELA,PRIMARIA,11EPR0813Y - JOSE MARIA LICEAGA,CALLE FELIPE MARTINEZ DE ZAVALA NUMERO EXTERIOR: 1107  COLONIA A,COLONIA AMPLIACION LEON I,LEÓN,21.14158,-101.63747,01-oct-25,1,si,si,si,si,si,si,si,32.66,32.57,La conexión fue rápida y constante la navegación fue fluida no se observan anomalías tiene buena señal,José Mosqueda,7
685,Fibra Óptica,ESCUELA,PRIMARIA,11EPR0832M - NARCISO BASSOLS,PAZ MUNDIAL SUR NUM. 102,COLONIA JOLGUABER,LEÓN,21.12207,-101.7154,03-oct-25,1,si,si,si,si,si,si,si,35.47,33.1,La conexión fue rápida y constante la navegación fue fluida no se observan anomalías tiene buena señal,José Mosqueda,7
706,Fibra Óptica,ESCUELA,SECUNDARIA,11ETV0037O - TELESECUNDARIA NUM. 8,SATURNO NUM. 1401,COLONIA SAN FELIPE DE JESUS,LEÓN,21.13253,-101.64812,01-oct-25,1,si,si,si,si,si,si,si,13.2,9.98,La conexión fue rápida y constante la navegación fue fluida la señal es baja al igual que el ancho de banda esto puede deberse a que el Acces Point está algo retirado y no se nos permitió el acceso,José Mosqueda,7
707,Fibra Óptica,ESCUELA,SECUNDARIA,11ETV0041A - TELESECUNDARIA NUM. 12,MA. JOAQUINA DE LA PORTILLA Y TORRES NUM. 402,COLONIA BUENA VISTA,LEÓN,21.11057,-101.69684,02-oct-25,1,si,si,si,si,si,si,si,7.69,29.41,La conexión fue rápida y constante la navegación fue fluida la señal es baja al igual que el ancho de banda esto puede deberse a que el Acces Point está algo retirado y no se nos permitió el acceso,José Mosqueda,7
708,Fibra Óptica,ESCUELA,SECUNDARIA,11ETV0042Z - TELESECUNDARIA NUM. 13,LAGUNA DE MEZTITLAN NUM. 215,COLONIA LOMAS DE LA TRINIDAD,LEÓN,21.14015,-101.69775,03-oct-25,1,si,si,si,si,si,si,si,47.69,17.61,La conexión fue rápida y constante la navegación fue fluida no se observan anomalías tiene buena señal,José Mosqueda,7
709,Fibra Óptica,ESCUELA,SECUNDARIA,11ETV0043Z - TELESECUNDARIA NUM. 14,CALLE CUATRO NUM. 309,COLONIA FLORES MAGON,LEÓN,21.12051,-101.71329,03-oct-25,1,si,si,si,si,si,si,si,22.91,14.64,La conexión fue rápida y constante la navegación fue fluida no se observan anomalías tiene buena señal,José Mosqueda,7
710,Fibra Óptica,ESCUELA,SECUNDARIA,11ETV0044Y - TELESECUNDARIA NUM. 15,SANTA ROSALIA NUM. 501,COLONIA LA FLORIDA,LEÓN,21.14498,-101.67821,29-sep-25,1,si,si,si,si,si,si,si,28.13,37.54,La conexión fue rápida y constante la navegación fue fluida no se observan anomalías tiene buena señal,José Mosqueda,7
713,Fibra Óptica,ESCUELA,SECUNDARIA,11ETV0264J - EULALIA GUZMAN,CALLE OBELISCO NUMERO EXTERIOR: 105  FRACCIONAMIENTO JARDINES DE,COLONIA JARDINES DE SAN PEDRO,LEÓN,21.10972,-101.63029,04-oct-25,1,si,si,si,si,si,si,si,18.2,13.59,La conexión fue rápida y constante la navegación fue fluida no se observan anomalías tiene buena señal,Rafael Amaral,7
716,Fibra Óptica,ESCUELA,SECUNDARIA,11ETV0394C - TELESECUNDARIA NUM. 373,AVENIDA POTRERO NUMERO EXTERIOR: 110 -A FRACCIONAMIENTO SAN JOS,COLONIA SAN JOSE DEL POTRERO,LEÓN,21.12911,-101.59999,01-oct-25,1,si,si,si,no,si,si,si,15.65,27.47,La conexión fue rápida hubo un pequeño lapso que no mostró de manera correcta el Youtube pero lo demás fue fluido tiene buena señal,Rafael Amaral,6
722,Fibra Óptica,ESCUELA,SECUNDARIA,11ETV0483W - TELESECUNDARIA NUM. 466,CALLE MARCEL NUMERO EXTERIOR: 509  FRACCIONAMIENTO CENTRO FAMILI,COLONIA LA SOLEDAD,LEÓN,21.13807,-101.74854,30-sep-25,1,si,no,si,no,si,si,no,0,0,La conexión es intermitente no se pudo realizar el test de velocidad puede deberse a la lejanía del Acces Point no se nos permitio ingresar al plantel,Rafael Amaral,4
764,Fibra Óptica,ESCUELA,SECUNDARIA,11DST0061B - ESCUELA SECUNDARIA TECNICA NO 43,Blvd. Hilario Medina Unidad Deportiva 37237 León de los Aldama Gto.,COLONIA UNIDAD DEPORTIVA,LEÓN,21.144986,-101.652635,29-sep-25,1,si,si,si,si,si,si,si,11.7,12.64,La conexión fue rápida y constante la navegación fue fluida no se observan anomalías tiene buena señal,Rafael Amaral,7
804,Fibra Óptica,ESCUELA,SUPERIOR,11MSU0003S - TECNOLOGICO NACIONAL 24 DE LEON,PRIV. TECNOLOGICO S/N INDUSTRIAL JULIAN DE OBREGON 37290 LEÓN DE LOS ALDAMA GTO.,COLONIA INDUSTRIAL JULIAN DE OBREGON,LEÓN,21.10918,-101.62747,04-oct-25,1,si,si,si,si,si,si,si,19.7,14.1,La conexión fue rápida y constante la navegación fue fluida no se observan anomalías tiene buena señal,Rafael Amaral,7
811,Fibra Óptica,ESCUELA,PRIMARIA,11DPR3272O - PROFR. FRANCISCO RAMIREZ MATA,ESCUELA PRIMARIA FRANCISCO RAMIREZ MATA,COLONIA SAN FELIPE DE JESUS,LEÓN,21.1328,-101.649,01-oct-25,1,si,si,si,si,si,si,si,26.46,16.99,La conexión fue rápida y constante la navegación fue fluida no se observan anomalías tiene buena señal,Rafael Amaral,7
821,Fibra Óptica,ESCUELA,PREESCOLAR,11EJN0326Q - BERTA VON GLUMER LEYVA,CALLE:ESTAMBUL N°. 720 COL. LOS ANGELES I,COLONIA LEON I,LEÓN,21.1345,-101.645,01-oct-25,1,si,si,si,si,si,si,si,79.7,80.42,La conexión fue rápida y constante la navegación fue fluida no se observan anomalías tiene buena señal,Rafael Amaral,7
882,Fibra Óptica,OFICINA GUBERNAMENTAL,N/A,DIRECCION REGIONAL DE AUDITORIA FISCAL A,C. B. JUÁREZ 210 CENTRO 37000,COLONIA CENTRO,LEÓN,21.1213,-101.684,29-sep-25,1,si,no,si,no,si,no,no,0,0,No se pudo realizar el test de velocidad ya que la conexión es inestable puede deberse a que el acces point está lejos de la calle y no se nos permitió ingresar al plantel,Rafael Amaral,3
911,Fibra Óptica,OFICINA GUBERNAMENTAL,N/A,JUNTA LOCAL DE CONCILIACION Y ARBITRAJE,BOULEVARD VENUSTIANO CARRANZA NO. 904 COL. LOS FRESNOS LEÓN - CP. 37000,COLONIA LOS FRESNOS LEÓN,LEÓN,21.10424,-101.68776,02-oct-25,1,si,si,si,si,si,si,si,35.86,15.85,La conexión fue rápida y constante la navegación fue fluida no se observan anomalías tiene buena señal,Rafael Amaral,7
928,Fibra Óptica,ESCUELA,SUPERIOR,11ENL0001I - CENTRO DE ESTUDIOS SUPERIORES DE EDUCACIÓN ESPECIALIZADA CESEE,AV. DEL TECNOLÓGICO INDUSTRIAL JULIAN DE OBREGON ESQUINA DEL PESPUNTADOR 37290 LEÓN GTO.,COLONIA INDUSTRIAL JULIAN DE OBREGON,LEÓN,21.104909,-101.631476,04-oct-25,1,si,si,si,si,si,si,si,53.41,15.15,La conexión fue rápida y constante la navegación fue fluida no se observan anomalías tiene buena señal,Rafael Amaral,7
933,Fibra Óptica,ESCUELA,SUPERIOR,11ENL0005E - ESCUELA NORMAL OFICIAL DE LEÓN,FRAY LUIS DE HERRERA S/N VILLA INSURGENTES LEON GTO.,COLONIA VILLA INSURGENTES,LEÓN,21.14764,-101.666763,29-sep-25,1,si,si,si,si,si,si,si,10.16,14.16,La conexión fue rápida y constante la navegación fue fluida no se observan anomalías tiene buena señal,Rafael Amaral,7
952,Fibra Óptica,ESCUELA,MEDIA SUPERIOR,11DPT0007K - PLANTEL CONALEP 203. LEÓN II,CALLE OBELISCOS # 101 COLONIA JARDINES DE SAN PEDRO C. P. 37288. LEÓN GTO.,COLONIA JARDINES DE SAN PEDRO,LEÓN,21.108991,-101.630983,04-oct-25,1,si,si,si,si,si,si,si,0,0,No se pudo realizar el test de velocidad ya que la conexión es inestable puede deberse a que el acces point está lejos de la calle y no se nos permitió ingresar al plantel,Rafael Amaral,7
953,Fibra Óptica,ESCUELA,MEDIA SUPERIOR,11DPT0013V - PLANTEL CONALEP 302. LEÓN III,AVE. MARQUES. S/N. COLONIA REAL PROVIDENCIA. C. P. 37234 LEÓN GTO.,COLONIA REAL PROVIDENCIA,LEÓN,21.138309,-101.651798,29-sep-25,1,no,si,si,si,si,si,si,12.97,3.59,No se conecta de manera automática tiene muy pocos megas de subida,Rafael Amaral,6
966,Fibra Óptica,SECTOR SALUD,HOSPITAL,HOSPITAL DE ESPECIALIDADES MATERNO INFANTIL DE LEON,DE LA JUVENTUD - AV. DE LA JUVENTUD NO. 116 COL. JOLGUABER,COLONIA JOLGUABER,LEÓN,21.122632,-101.71655,03-oct-25,1,si,si,si,si,si,si,si,10.62,17.23,La conexión fue rápida y constante la navegación fue fluida no se observan anomalías tiene buena señal pero es bajo el ancho de banda,Rafael Amaral,7
967,Fibra Óptica,SECTOR SALUD,HOSPITAL,HOSPITAL GENERAL DE LEON,20 DE ENERO -,COLONIA OBREGÓN,LEÓN,21.132657,-101.680187,29-sep-25,1,si,si,si,si,si,si,si,23.92,26.78,La conexión fue rápida y constante la navegación fue fluida no se observan anomalías tiene buena señal,Rafael Amaral,7
968,Fibra Óptica,SECTOR SALUD,UMAPS,UMAPS LAS AMERICAS,CHICAGO ESQUINA LOS ANGELES - CHICAGO ESQ. LOS ANGELES S/N,COLONIA LAS AMERICAS,LEÓN,21.10908,-101.69552,02-oct-25,1,si,si,si,si,si,si,si,21.13,10.63,La conexión fue rápida y constante la navegación fue fluida no se observan anomalías tiene buena señal,Rafael Amaral,7
969,Fibra Óptica,SECTOR SALUD,UMAPS,UMAPS BARRIO DE GUADALUPE,RAMOS GAMIÑO - RAMOS GAMIÑO 105,COLONIA BARRIO DE GUADALUPE 37289.,LEÓN,21.11488,-101.64427,04-oct-25,1,si,si,si,si,si,si,si,12.67,39.99,La conexión fue rápida y constante la navegación fue fluida no se observan anomalías tiene buena señal pero es bajo el ancho de banda,Rafael Amaral,7
971,Fibra Óptica,SECTOR SALUD,UMAPS,UMAPS LINDA VISTA,OCEANO INDICO - OCEANO INDICO 323,COLONIA LINDAVISTA,LEÓN,21.14433,-101.70335,03-oct-25,1,si,si,si,si,si,si,si,8.25,12.57,La conexión fue rápida y constante la navegación fue fluida no se observan anomalías tiene buena señal pero es bajo el ancho de banda,Rafael Amaral,7
972,Fibra Óptica,SECTOR SALUD,UMAPS,UMAPS ORIENTAL,REFUGIO - REFUGIO 486,COLONIA ORIENTAL,LEÓN,21.106837,-101.652723,04-oct-25,1,si,si,si,si,si,si,si,67.59,44.21,La conexión fue rápida y constante la navegación fue fluida no se observan anomalías tiene buena señal,Rafael Amaral,7
973,Fibra Óptica,SECTOR SALUD,UMAPS,UMAPS EL PAISAJE,SAN JULIAN - SAN JULIAN 105,COLONIA EL PAISAJE,LEÓN,21.10098,-101.66424,04-oct-25,1,si,si,si,si,si,si,si,25.54,51.35,La conexión fue rápida y constante la navegación fue fluida no se observan anomalías tiene buena señal,Rafael Amaral,7
976,Fibra Óptica,SECTOR SALUD,UMAPS,UMAPS SANTA RITA,LA MERCED - PROLONGACIÓN LA MERCED 1239,COLONIA SAN SEBASTIAN,LEÓN,21.103537,-101.701385,02-oct-25,1,si,si,si,si,si,si,si,15.3,24.03,La conexión fue rápida y constante la navegación fue fluida no se observan anomalías tiene buena señal,Rafael Amaral,7
978,Fibra Óptica,SECTOR SALUD,CAISES,CAISES LOS LIMONES,NARANJA - NARANJA 101,COLONIA LOS LIMONES,LEÓN,21.1097,-101.70059,02-oct-25,1,si,si,si,si,si,si,si,79.46,33.95,La conexión fue rápida y constante la navegación fue fluida no se observan anomalías tiene buena señal,Rafael Amaral,7
981,Fibra Óptica,SECTOR SALUD,CAISES,CAISES SAN PEDRO DE LOS HERNANDEZ,ANCHA - CALLE ANCHA 813 COL. SAN PEDRO DE LOS HERNÁNDEZ,COLONIA SAN PEDRO DE LOS HERNANDEZ,LEÓN,21.120349,-101.638986,04-oct-25,1,si,si,si,si,si,si,si,24.32,16.79,La conexión fue rápida y constante la navegación fue fluida no se observan anomalías tiene buena señal,Rafael Amaral,7
982,Fibra Óptica,SECTOR SALUD,CAISES,CAISES CHAPALITA,LUIS GONZALEZ - LUIS GONZALEZ 103,COLONIA CHAPALITA,LEÓN,21.12601,-101.7029,03-oct-25,1,si,si,si,si,si,si,si,80.96,32.48,La conexión fue rápida y constante la navegación fue fluida no se observan anomalías tiene buena señal,Rafael Amaral,7
984,Fibra Óptica,SECTOR SALUD,HOSPITAL,HOSPITAL GENERAL REGIONAL DE LEON,SEVILLA ESQUINA VIZCAYA - SEVILLA 1203 ESQ VIZCAYA,COLONIA VISTA HERMOSA,LEÓN,21.13479,-101.7071,03-oct-25,1,si,si,si,si,si,si,si,59.1,15.38,La conexión fue rápida y constante la navegación fue fluida no se observan anomalías tiene buena señal,Rafael Amaral,7
985,Fibra Óptica,SECTOR SALUD,CAISES,CAISES SAN MARCOS,JORGE NEGRETE ESQUINA 21 DE MARZO - JORGE NEGRETE S/N ESQ. 21 DE MARZO,COLONIA SAN MARCOS,LEÓN,21.116362,-101.718405,03-oct-25,1,si,si,si,si,si,si,si,22.08,50,La conexión fue rápida y constante la navegación fue fluida no se observan anomalías tiene buena señal,Rafael Amaral,7
987,Fibra Óptica,SECTOR SALUD,CAISES,CAISES PILETAS SSA,BRONCE - BRONCE 606,COLONIA PILETAS I Y II,LEÓN,21.139774,-101.704215,03-oct-25,1,si,si,si,si,si,si,si,66.27,41.64,La conexión fue rápida y constante la navegación fue fluida no se observan anomalías tiene buena señal,Rafael Amaral,7
992,Fibra Óptica,SECTOR SALUD,UMAPS,UMAPS SOLEDAD DE LA JOYA,SARTRE - SASTRE 601,COLONIA LA SOLEDAD,LEÓN,21.138863,-101.754857,30-sep-25,1,si,si,si,si,si,si,si,33.28,18.22,La conexión fue rápida y constante la navegación fue fluida no se observan anomalías tiene buena señal,Rafael Amaral,7
995,Fibra Óptica,SECTOR SALUD,UMAPS,UMAPS AMP SAN FRANCISCO,ANDADOR FRAY RAMON Y FRAY ALBERTO - ANDADOR FRAY RAMON NO.114 Y FRAY ALBERTO AMP. SAN FCO DE ASIS,COLONIA SAN FRANCISCO AMPLIACIÓN,LEÓN,21.096487,-101.599043,01-oct-25,1,si,si,si,si,si,si,si,17.05,12.75,La conexión fue rápida y constante la navegación fue fluida no se observan anomalías tiene buena señal,Rafael Amaral,7
1002,Fibra Óptica,SECTOR SALUD,UNEME,UNEME CECOSAMA LEON II,MARIANO LEAL - MARIANO LEAL NO.401,COLONIA LEÓN II,LEÓN,21.105554,-101.731119,03-oct-25,1,si,si,si,si,si,si,si,52.86,56.47,La conexión fue rápida y constante la navegación fue fluida no se observan anomalías tiene buena señal,Rafael Amaral,7
1008,Fibra Óptica,SECTOR SALUD,UMAPS,UMAPS LAS TROJES,Álvaro Sánchez Las Trojes 37227 León de los Aldama Gto.,COLONIA LAS TROJES,LEÓN,21.1349,-101.6659,29-sep-25,1,si,si,si,si,si,si,si,19.82,20.44,La conexión fue rápida y constante la navegación fue fluida no se observan anomalías tiene buena señal,Rafael Amaral,7
1016,Fibra Óptica,SECTOR SALUD,UNEME,UNEME CAPA JOYA,ERICK FROM - ERICK FROM NO. 602,COLONIA LA SOLEDAD,LEÓN,21.139142,-101.754697,30-sep-25,1,si,si,si,si,si,si,si,59.57,34.07,La conexión fue rápida y constante la navegación fue fluida no se observan anomalías tiene buena señal,Rafael Amaral,7
1017,Fibra Óptica,SECTOR SALUD,UNEME,UNEME CAPA LEON II,MARIANO ESCOBEDO - BOULEVARD MARIANO ESCOBEDO NO. 6804 COL. LEÓN II,COLONIA LEON II,LEÓN,21.105697,-101.730993,03-oct-25,1,si,si,si,si,si,si,si,45.91,71.79,La conexión fue rápida y constante la navegación fue fluida no se observan anomalías tiene buena señal,Rafael Amaral,7
1034,Fibra Óptica,SECTOR SALUD,UMAPS,UMAPS SAN NICOLAS,HERMANOS ALDAMA - BLVD. HERMANOS ALDAMA 1123-D,COLONIA SAN NICOLAS,LEÓN,21.10388,-101.67847,02-oct-25,1,si,si,si,si,si,si,si,24.45,33.57,La conexión fue rápida y constante la navegación fue fluida no se observan anomalías tiene buena señal,Rafael Amaral,7
1035,Fibra Óptica,SECTOR SALUD,UMAPS,UMAPS RIVERA DE LA PRESA,PRESA DE CORRALEJO ESQUINA PRESA DE LA OLLA - PRESA DE CORRALEJO ESQ PRESA DE LA OLLA,COLONIA RIVERA DE LA PRESA,LEÓN,21.176024,-101.674652,06-oct-26,1,si,si,si,si,si,si,si,24.72,19.33,La conexión fue rápida y constante la navegación fue fluida no se observan anomalías tiene buena señal,Rafael Amaral,7
1040,Fibra Óptica,SECTOR SALUD,UMAPS,UMAPS SAN CARLOS DE ROMO,HILARIO MEDINA ESQUINA ÁVILA CAMACHO - HILARIO MEDINA ESQ. ÁVILA CAMACHO,COLONIA PRESIDENTES DE MEXICO,LEÓN,21.143038,-101.653372,01-oct-25,1,si,si,si,si,si,si,si,12.68,17.69,La conexión fue rápida y constante la navegación fue fluida la señal es baja al igual que el ancho de banda esto puede deberse a que el Acces Point está algo retirado y no se nos permitió el acceso,Rafael Amaral,7
1042,Fibra Óptica,SECTOR SALUD,CAISES,CAISES SAN FELIPE DE JESUS,PERSIA - PERSIA 501 Y COL. OLIVOS S.FELIPE DE JES,COLONIA SAN FELIPE DE JESUS,LEÓN,21.133463,-101.648823,01-oct-25,1,si,si,si,si,si,si,si,51.82,17.55,La conexión fue rápida y constante la navegación fue fluida no se observan anomalías tiene buena señal,Rafael Amaral,7
1047,Fibra Óptica,SECTOR SALUD,UMAPS,UMAPS LOMAS DE ECHEVESTE,BISONTE 26 LOMAS DE ECHEVESTE 37208 LEÓN GTO.,COLONIA LOMAS DE ECHEVESTE,LEÓN,21.179489,-101.660347,06-oct-25,1,si,si,si,si,si,si,si,20.88,27.63,La conexión fue rápida y constante la navegación fue fluida no se observan anomalías tiene buena señal,Rafael Amaral,7
1061,Fibra Óptica,ESPACIO DEPORTIVO,N/A,COMISION DEL DEPORTE DEL ESTADO DE GUANAJUATO,BLVD. JUAN ALONSO DE TORRES PTE. 2001 LEON I 37235 LEÓN GTO.,COLONIA LEON I,LEÓN,21.14336,-101.64295,01-oct-25,1,si,si,si,si,si,si,si,15.7,7.54,La conexión fue rápida y constante la navegación fue fluida no se observan anomalías tiene buena señal,Rafael Amaral,7
1066,Fibra Óptica,ESCUELA,MEDIA SUPERIOR,11ETH0007A - BACHILLERATO SABES JARDINES DE ECHEVESTE,DE LAS MARGARITAS 109 JARDINES DE ECHEVESTE LEON GTO.,COLONIA JARDINES DE ECHEVESTE,LEÓN,21.18375,-101.67068,06-oct-25,1,si,si,si,si,si,si,si,8.92,27.02,La conexión fue rápida y constante la navegación fue fluida la señal es baja al igual que el ancho de banda esto puede deberse a que el Acces Point está algo retirado y no se nos permitió el acceso,Rafael Amaral,7
1068,Fibra Óptica,ESCUELA,MEDIA SUPERIOR,11ETH0010O - BACHILLERATO SABES SAN PEDRO DE LOS HERNANDEZ,NINGUNO SANTA REBECA NO. 501,COLONIA SAN PEDRO PLUS,LEÓN,21.12414,-101.637374,04-oct-25,1,si,si,si,si,si,si,si,23.98,33.26,La conexión fue rápida y constante la navegación fue fluida no se observan anomalías tiene buena señal,Rafael Amaral,7
1071,Fibra Óptica,ESCUELA,MEDIA SUPERIOR,11ETH0115I - BACHILLERATO SABES MISION DE LA LUZ,CALLE HÉROES DE LA INDEPENDENCIA NO. 2306,COLONIA MISION DE LA LUZ,LEÓN,21.12189,-101.65131,01-oct-25,1,si,si,si,si,si,si,si,19.72,15.73,La conexión fue rápida y constante la navegación fue fluida no se observan anomalías tiene buena señal,Rafael Amaral,7
1077,Fibra Óptica,ESCUELA,MEDIA SUPERIOR,11ETH0163S - BACHILLERATO SABES LAS JOYAS,CALLE FROMM NO. 503,COLONIA LA SOLEDAD,LEÓN,21.139304,-101.755343,30-sep-25,1,si,si,si,si,si,si,si,11.5,6.11,La conexión fue rápida y constante la navegación fue fluida la señal es baja al igual que el ancho de banda esto puede deberse a que el Acces Point está algo retirado y no se nos permitió el acceso,Rafael Amaral,7
1086,Fibra Óptica,CENTRO DE INVESTIGACIÓN,N/A,CENTRO DE INVESTIGACIONES EN ÓPTICA A.C.,LOMA DEL BOSQUE 115 LOMAS DEL CAMPESTRE 37150 LEÓN GTO.,COLONIA LOMAS DEL CAMPESTRE,LEÓN,21.15379,-101.70485,30-sep-25,1,si,si,si,si,si,si,si,7.36,8.48,La conexión fue rápida y constante la navegación fue fluida la señal es baja al igual que el ancho de banda esto puede deberse a que el Acces Point está algo retirado y no se nos permitió el acceso,Rafael Amaral,7
1095,Fibra Óptica,OFICINA GUBERNAMENTAL,N/A,CENTRO DE CONCILIACION LABORAL,BLVD. ADOLFO LÓPEZ MATEOS 223-A-PONIENTE CENTRO 37000 LEÓN GTO.,COLONIA CENTRO,LEÓN,21.12623,-101.68548,30-sep-25,1,,,,,,,,0,0,En este sitio no hay servicio tampoco en las oficinas del ISSEG y tampoco en la farmacia se revisa las inmediaciones y no se visualiza placa distintiva se pregunta a guardia de seguridad y comenta que nunca ha habido servicio de internet libre para la gente,Rafael Amaral,0
1105,Fibra Óptica,ESCUELA,MEDIA SUPERIOR,11ETH0117G - BACHILLERATO SABES LAS AMERICAS,CALLE NUEVA ORLEANS NO. 312,COLONIA LAS AMERICAS,LEÓN,21.10855,-101.69425,02-oct-25,1,si,si,si,si,si,si,no,33.11,32.38,La conexión fue rápida pero presento cortes en la navegación aún cuando el ancho de banda es alto,Rafael Amaral,6
1110,Fibra Óptica,ESCUELA,MEDIA SUPERIOR,11ETH0276V - BACHILLERATO SABES AMPLIACION SAN FRANCISCO,CALLE PEDRO DE CATANIA NO. 202,COLONIA AMPLIACION SAN FRANCISCO,LEÓN,21.09631,-101.59955,01-oct-25,1,si,si,si,si,si,si,si,25.12,22.3,La conexión fue rápida y constante la navegación fue fluida no se observan anomalías tiene buena señal,Rafael Amaral,7
1121,Fibra Óptica,ESCUELA,SECUNDARIA,11ETV0039M - TELESECUNDARIA NO 10,Nicolas Calvo y Felix Ma Zuloaga num 700 colonia Presidentes Leon de los aldama,COLONIA LEON I,LEÓN,21.139892,-101.649667,02-oct-25,1,si,si,si,si,si,si,si,15.51,6.04,La conexión fue rápida y constante la navegación fue fluida no se observan anomalías tiene buena señal pero es bajo el ancho de banda,Rafael Amaral,7
27a,Fibra óptica,ESPACIO DEPORTIVO,N/A,DEPORTIVA MUNICIPAL DE SILAO,CALLE RAÚL BAILLERES ORIENTE 161.  ZONA CENTRO.  CÓDIGO POSTAL 36100.,COLONIA ZONA CENTRO,SILAO,20.950721,-101.421764,07-oct-25,1,si,si,si,si,si,si,si,24.81,12.78,La conexión fue rápida y constante la navegación fue fluida no se observan anomalías tiene buena señal,Gustavo Villagomez,7
27b,Fibra óptica,ESPACIO DEPORTIVO,N/A,DEPORTIVA MUNICIPAL DE SILAO,CALLE RAÚL BAILLERES ORIENTE 161.  ZONA CENTRO.  CÓDIGO POSTAL 36100.,COLONIA ZONA CENTRO,SILAO,20.950721,-101.421764,07-oct-25,1,si,si,si,si,si,si,si,23.37,46.08,La conexión fue rápida y constante la navegación fue fluida no se observan anomalías tiene buena señal,Gustavo Villagomez,7
28,Fibra óptica,PLAZA PÚBLICA,N/A,ECO PARQUE LOS EUCALIPTOS,CAMPAMENTO DEL FERROCARRIL S/N. COLONIA  LA ESTRELLA. CÓDIGO POSTAL 36150., COLONIA LA ESTRELLA,SILAO,20.938929,-101.433953,07-oct-25,1,si,si,si,si,si,si,si,58.32,41.75,La conexión fue rápida y constante la navegación fue fluida no se observan anomalías tiene buena señal,Gustavo Villagomez,7
29,Fibra óptica,PLAZA PÚBLICA,N/A,JARDIN PRINCIPAL SILAO,CALLE PORTAL DE VICTORIA Y 5 DE MAYO. COLONIA ZONA CENTRO. CÓDIGO POSTAL 36100., COLONIA ZONA CENTRO,SILAO,20.943666,-101.426964,07-oct-25,1,si,si,si,si,si,si,si,6.74,30.44,La conexión fue rápida y constante la navegación fue fluida no se observan anomalías tiene buena señal pero el ancho de banda es muy bajo,Gustavo Villagomez,7
30,Fibra óptica,PLAZA PÚBLICA,N/A,MERCADO VICTORIA,CALLE IGNACIO ALLENDE Y PINO SUAREZ. ZONA CENTRO. CÓDIGO POSTAL 36100.,COLONIA ZONA CENTRO,SILAO,20.946221,-101.426796,07-oct-25,1,si,si,si,si,si,si,si,33.49,31.08,La conexión fue rápida y constante la navegación fue fluida no se observan anomalías tiene buena señal,Gustavo Villagomez,7
31,Fibra óptica,PLAZA PÚBLICA,N/A,PARQUE LA ALAMEDA,CALLE ALAMEDA S/N.  COLONIA ESTACIÓN DE FERROCARRIL. CÓDIGO POSTAL 36100., COLONIA ESTACIÓN DE FERROCARRIL,SILAO,20.939492,-101.431826,07-oct-25,1,si,si,si,si,si,si,si,84.27,28.55,La conexión fue rápida y constante la navegación fue fluida no se observan anomalías tiene buena señal,Gustavo Villagomez,7
32,Fibra óptica,PLAZA PÚBLICA,N/A,ECO PARQUE LOS EUCALIPTOS,CALLE CAMPAMENTO DEL FERROCARRIL S/N. COLONIA  LA ESTRELLA. CÓDIGO POSTAL 36150., COLONIA LA ESTRELLA,SILAO,20.938929,-101.433953,07-oct-25,1,si,si,si,si,si,si,si,64.31,35.43,La conexión fue rápida y constante la navegación fue fluida no se observan anomalías tiene buena señal,Gustavo Villagomez,7
33,Fibra óptica,PLAZA PÚBLICA,N/A,PLAZA LIBERTAD,CALLE LIBERTAD Y ALVARO OBREGÓN. COLONIA ZONA CENTRO. CÓDIGO POSTAL 36100., COLONIA ZONA CENTRO,SILAO,20.943484,-101.42884,07-oct-25,1,si,si,si,si,si,si,si,31.21,31,La conexión fue rápida y constante la navegación fue fluida no se observan anomalías tiene buena señal,Gustavo Villagomez,7
34,Fibra óptica,ESPACIO DEPORTIVO,N/A,POLIDEPORTIVO LOS EUCALIPTOS,CALLE CARRETERA A TREJO S/N. COLONIA CAMPAMENTO DEL FERROCARRIL. CÓDIGO POSTAL 36150., COLONIA CAMPAMENTO DEL FERROCARRIL,SILAO,20.934314,-101.432364,07-oct-25,1,si,si,si,si,si,si,si,68.17,72.75,La conexión fue rápida y constante la navegación fue fluida no se observan anomalías tiene buena señal,Gustavo Villagomez,7
35,Fibra óptica,PLAZA PÚBLICA,NA,PARQUE GUADALUPE,CALLE NUESTRA SEÑORA DEL CARMEN 24. FRACC. GUADALUPE I. CÓDIGO POSTAL 36100.,COLONIA GUADALUPE I,SILAO,20.936053,-101.420919,07-oct-25,1,si,si,si,si,si,si,si,34.01,22.74,La conexión fue rápida y constante la navegación fue fluida no se observan anomalías tiene buena señal,Gustavo Villagomez,7
36,Fibra óptica,PLAZA PÚBLICA,N/A,PARQUE SOPEÑA,CALLE EULALIO GUTIERREZ 1 Y REVOLUCION. COLONIA SOPEÑA.  CÓDIGO POSTAL 36100., COLONIA SOPEÑA,SILAO,20.962569,-101.421315,07-oct-25,1,si,si,si,si,si,si,si,33.66,17.54,La conexión fue rápida y constante la navegación fue fluida no se observan anomalías tiene buena señal,Gustavo Villagomez,7
104,Fibra óptica,SECUNDARIA,SECUNDARIA,11DES0055Z - EFRAIN HUERTA,CALLE AGUSTÍN DE ITURBIDE S/N. COLONIA SILAO CENTRO. CÓDIGO POSTAL 36100., COLONIA SILAO CENTRO,SILAO,20.93912,-101.42984,07-oct-25,1,no,no,no,no,no,no,no,0,0,No se puede acceder a la red no se visualiza el SSID ha de ser por que el Acces Point se encuentra muy lejos y no permitieron el ingreso al sitio,Gustavo Villagomez,0
121,Fibra óptica,PREESCOLAR,PREESCOLAR,11DJN0035B - CATALINA D' ERSELL DULCHE E.,CALLE RAUL BALLERES S/N A UN COSTADO DEL ESTADIO DE BEISBOL MUNICIPAL. COLONIA CENTRO. CÓDIGO POSTAL 36100., COLONIA CENTRO,SILAO,20.94495,-101.42086,07-oct-25,1,no,si,si,si,si,si,no,0,0,Hay mucha intermitencia en la navegación (pérdida de paquetes) y no se pudo generar el test de velocidad esto se puede deber a que el Acces Point se encuentra muy lejos,Gustavo Villagomez,5
150,Fibra óptica,PREESCOLAR,PREESCOLAR,11DJN0258K - MIGUEL HIDALGO Y COSTILLA,CALLE PROLONGACION FUNDACION S/N. COLONIA CENTRO. CÓDIGO POSTAL 36100., COLONIA CENTRO,SILAO,20.95034,-101.42801,07-oct-25,1,si,si,si,si,si,si,si,34.29,31.09,La conexión fue rápida y constante la navegación fue fluida no se observan anomalías tiene buena señal,Gustavo Villagomez,7
160,Fibra óptica,PREESCOLAR,PREESCOLAR,11DJN0317J - EVA SAMANO DE LOPEZ MATEOS,AVENIDA REFORMA NUM. 1-A. COLONIA  REFORMA. CÓDIGO POSTAL 36149., COLONIA REFORMA,SILAO,20.9382,-101.42286,07-oct-25,1,si,si,si,si,si,si,si,11.06,14.85,La conexión fue rápida y constante la navegación fue fluida no se observan anomalías tiene buena señal pero el ancho de banda es muy bajo,Gustavo Villagomez,7
161,Fibra óptica,PREESCOLAR,PREESCOLAR,11DJN0322V - BRIGIDA ALFARO,BOULEVARD EMILIANO ZAPATA NÚMERO EXTERIOR S/N. COLONIA LORENZO MOSQUEDA. CÓDIGO POSTAL 36112., COLONIA LORENZO MOSQUEDA,SILAO,20.96201,-101.42373,07-oct-25,1,si,si,si,si,si,si,si,20.65,57.11,La conexión fue rápida y constante la navegación fue fluida no se observan anomalías tiene buena señal,Gustavo Villagomez,7
209,Fibra óptica,PREESCOLAR,PREESCOLAR,11DJN1105N - BERTHA VON GLUMER LEYVA,CALLE CALZADA HIDALGO S/N. COLONIA CENTRO. CÓDIGO POSTAL 36100., COLONIA CENTRO,SILAO,20.94022,-101.43211,07-oct-25,1,si,si,si,si,si,si,si,71.23,82.71,La conexión fue rápida y constante la navegación fue fluida no se observan anomalías tiene buena señal,Gustavo Villagomez,7
251,Fibra óptica,PREESCOLAR,PREESCOLAR,11DJN3446Y - PROGRESO,CALLE PLAN DE GUANAJUATO S/N. COLONIA PROGRESO. CÓDIGO POSTAL 36135., COLONIA PROGRESO,SILAO,20.95304,-101.41724,07-oct-25,1,si,si,si,si,si,si,si,57.75,17.66,La conexión fue rápida y constante la navegación fue fluida no se observan anomalías tiene buena señal,Gustavo Villagomez,7
262,Fibra óptica,PREESCOLAR,PREESCOLAR,11DJN4063Z - LIC. DON JOSE NATIVIDAD MACIAS,CALLE RIO HONDO S/N. COLONIA   VALLE DE SAN JOSE. CÓDIGO POSTAL 36112., COLONIA VALLE DE SAN JOSE,SILAO,20.95989,-101.4337,07-oct-25,1,si,si,si,si,si,si,si,32.2,31.41,La conexión fue rápida y constante la navegación fue fluida no se observan anomalías tiene buena señal,Gustavo Villagomez,7
300,Fibra óptica,PRIMARIA,PRIMARIA,11DPR0333R - PROFR. Y GENERAL CANDIDO NAVARRO,CALLE MUNICIPIO LIBRE NUM. 39 B. COLONIA PORGRESO. CÓDIGO. POSTAL 36135. , COLONIA PORGRESO,SILAO,20.95147,-101.41774,07-oct-25,1,si,si,si,si,si,si,si,8.94,19.1,La conexión fue rápida y constante la navegación fue fluida no se observan anomalías pero tiene muy bajo el ancho de banda,Gustavo Villagomez,7
301,Fibra óptica,PRIMARIA,PRIMARIA,11DPR0334Q - NIÑOS HEROES,AVENIDA RAMAL DE GUANAJUATO NUMERO 95. COLONIA REFORMA.  CÓDIGO POSTAL 36149., COLONIA REFORMA,SILAO,20.93829,-101.42421,07-oct-25,1,si,si,si,si,si,si,si,17.62,102.27,La conexión fue rápida y constante la navegación fue fluida no se observan anomalías tiene buena señal,Gustavo Villagomez,7
302,Fibra óptica,PRIMARIA,PRIMARIA,11DPR0336O - IGNACIO RAMIREZ LOPEZ,CALLE FUNDACIÓN NÚMERO EXTERIOR 41 . COLONIA SILAO CENTRO. CÓDIGO POSTAL 36100., COLONIA SILAO CENTRO,SILAO,20.94585,-101.42771,07-oct-25,1,si,si,si,si,si,si,si,34.52,30.91,La conexión fue rápida y constante la navegación presentó algo de lentitud puede deberse a que el Acces Point se encuentra lejos,Gustavo Villagomez,7
303,Fibra óptica,PRIMARIA,PRIMARIA,11DPR0338M - J. JESUS GONZALEZ ORTEGA,CALLE JOSÉ ROCHA 18-28. COLONIA BARRIO NUEVO. CÓDIGO POSTAL 36100., COLONIA BARRIO NUEVO,SILAO,20.9463,-101.42281,07-oct-25,1,no,no,no,no,no,no,no,0,0,No se puede acceder a la red no se visualiza el SSID ha de ser por que el Acces Point se encuentra muy lejos y ya no hay nadie en sitio para poder ingresar,Gustavo Villagomez,0
324,Fibra óptica,PRIMARIA,PRIMARIA,11DPR0728B - LIC. ADOLFO LOPEZ MATEOS,CALLE ANTIGUO CAMINO A TREJO S/N FRENTE AL LIENZO CHARRO. COLONIA ADOLFO LOPEZ MATEOS. CÓDIGO POSTAL  36150., COLONIA ADOLFO LOPEZ MATEOS,SILAO,20.93486,-101.42997,07-oct-25,1,si,si,si,si,si,si,si,34.27,21.98,La conexión fue rápida y constante la navegación fue fluida no se observan anomalías tiene buena señal,Gustavo Villagomez,7
373,Fibra óptica,PRIMARIA,PRIMARIA,11DPR1366P - BENITO JUAREZ,CALLE EULALIO GUTIÉRREZ NÚMERO EXTERIOR S/N. COLONIA SOPEÑA. CÓDIGO POSTAL 36119., COLONIA SOPEÑA,SILAO,20.9623,-101.41929,07-oct-25,1,si,si,no,no,si,no,no,0,0,El sitio presenta muchas interrupciones (pérdida de paquetes) puede deberse a que el Acces Point se encuentra muy retirado,Gustavo Villagomez,3
441,Fibra óptica,SECUNDARIA,SECUNDARIA,11DES0111A - BICENTENARIO DE LA INDEPENDENCIA,CALLE MADROÑO S/N. COLONIA  NORIA DE SOPEÑA 2A. SECCION. CÓDIGO POSTAL   36112., COLONIA NORIA DE SOPEÑA 2A. SECCION,SILAO,20.960057,-101.426622,07-oct-25,1,si,si,si,si,si,si,si,15,8.49,La conexión fue rápida y constante la navegación fue fluida no se observan anomalías tiene buena señal,Gustavo Villagomez,7
444,Fibra óptica,PRIMARIA,PRIMARIA,11DPR3314X - RAUL BAILLERES,BOULEVARD BAILLERES NÚMERO EXTERIOR 46 . COLONIA JARDINES DE LA VICTORIA. CÓDIGO POSTAL 36110., COLONIA JARDINES DE LA VICTORIA,SILAO,20.94961,-101.42922,07-oct-25,1,si,si,si,si,si,si,si,34.5,30.89,La conexión fue rápida y constante la navegación fue fluida no se observan anomalías tiene buena señal,Gustavo Villagomez,7
474,Fibra óptica,PRIMARIA,PRIMARIA,11EPR0901S - BICENTENARIO DE LA INDEPENDENCIA,CALLE HACIENDA DE CHICHIMEQUILLAS S/N. COLONIA LA HACIENDA. CÓDIGO POSTAL 36112., COLONIA LA HACIENDA,SILAO,20.96086,-101.4302,07-oct-25,1,si,si,si,si,si,si,si,34.27,31.19,La conexión fue rápida y constante la navegación fue fluida no se observan anomalías tiene buena señal,Gustavo Villagomez,7
529,Fibra óptica,SECUNDARIA,SECUNDARIA,11EES0043T - MIGUEL HIDALGO Y COSTILLA,CALLE PALMA NÚMERO EXTERIOR 5 . COLONIA SILAO CENTRO. CÓDIGO POSTAL 36100., COLONIA SILAO CENTRO,SILAO,20.947331,-101.426679,07-oct-25,1,no,no,no,no,no,no,no,0,0,No se puede acceder a la red no se visualiza el SSID ha de ser por que el Acces Point se encuentra muy lejos y no permitieron el ingreso al sitio,Gustavo Villagomez,0
556,Fibra óptica,PREESCOLAR,PREESCOLAR,"11EJN0181L - ""SOLIDARIDAD""",CALLE 16 DE SEPTIEMBRE NUMERO 93. COLONIA CENTRO. CÓDIGO POSTAL 36100., COLONIA CENTRO,SILAO,20.94852,-101.42618,07-oct-25,1,si,si,si,si,si,no,si,19.46,30.77,La conexión fue rápida pero la navegación en la página web presentó cortes (pérdidas de paquetes) esto puede deberse a que el Acces Point se encuenta algo retirado,Gustavo Villagomez,6
585,Fibra óptica,ESPACIO CULTURAL,N/A,MUSEO JOSE Y TOMAS CHAVEZ MORADO,CALLE GENERAL VICENTE GUERRERO. 1. COLONIA CENTRO. CÓDIGO POSTAL 36100,COLONIA CENTRO,SILAO,20.944549,-101.428495,07-oct-25,1,si,si,si,si,si,si,si,8.03,21.85,La conexión fue rápida y constante la navegación fue fluida no se observan anomalías tiene buena señal pero el ancho de banda es muy bajo en ese momento se encontraba personal de CEMER haciendo la revisión y se le comentó el resultado del test de velocidad dijo que iba a subir el ancho de banda,Gustavo Villagomez,7
600,Fibra óptica,PREESCOLAR,PREESCOLAR,11EJN0422T - JUAN DE JASSO,CALLE TIERRA Y LIBERTAD. COLONIA TIERRA Y LIBERTAD. CÓDIGO POSTAL 36143., COLONIA TIERRA Y LIBERTAD,SILAO,20.93386,-101.42007,07-oct-25,1,si,si,si,si,si,si,si,51.36,38.4,La conexión fue rápida y constante la navegación fue fluida no se observan anomalías tiene buena señal,Gustavo Villagomez,7
608,Fibra óptica,PRIMARIA,PRIMARIA,11EPR0312D - IGNACIO FREYRE,AVENIDA REFORMA S/N. COLONIA REFORMA. CÓDIGO POSTAL  36149., COLONIA REFORMA,SILAO,20.93812,-101.42244,07-oct-25,1,si,si,si,si,si,si,si,78.61,40.02,La conexión fue rápida y constante la navegación fue fluida no se observan anomalías tiene buena señal,Gustavo Villagomez,7
646,Fibra óptica,PRIMARIA,PRIMARIA,11EPR0308R - EVERARDA ROMERO ARENAS,CALLE PALMA NÚMERO EXTERIOR 1. COLONIA SILAO CENTRO. CÓDIGO POSTAL 36100., COLONIA SILAO CENTRO,SILAO,20.94765,-101.42618,07-oct-25,1,si,si,si,si,si,si,si,66.68,44.08,La conexión fue rápida y constante la navegación fue fluida no se observan anomalías tiene buena señal,Gustavo Villagomez,7
647,Fibra óptica,PRIMARIA,PRIMARIA,11EPR0313C - VICTORIANO RODRIGUEZ,CALLE ALAMEDA S/N. COLONIA  ZONA CENTRO. CÓDIGO POSTAL  36100., COLONIA ZONA CENTRO,SILAO,20.93864,-101.43106,07-oct-25,1,si,si,si,si,si,si,si,14.38,8.62,La conexión fue rápida y constante la navegación fue fluida no se observan anomalías tiene buena señal,Gustavo Villagomez,7
649,Fibra óptica,PRIMARIA,PRIMARIA,11EPR0377N - J NATIVIDAD MACIAS,BOULEVARD RAÚL BAILLERES NORTE S/N. COLONIA SILAO CENTRO. CÓDIGO POSTAL 36100., COLONIA SILAO CENTRO,SILAO,20.9446,-101.42062,07-oct-25,1,no,si,si,si,si,si,no,0,0,Hay mucha intermitencia en la navegación (pérdida de paquetes) y no se pudo generar el test de velocidad el Acces Point se encuentra a unos 30mts de distancia,Gustavo Villagomez,5
686,Fibra óptica,PRIMARIA,PRIMARIA,11EPR0838G - MA. GUADALUPE ARAIZA GODINEZ,CALLE JUAREZ NUMERO 63. COLONIA  ZONA CENTRO. CÓDIGO POSTAL 36100., COLONIA ZONA CENTRO,SILAO,20.94114,-101.43093,07-oct-25,1,si,si,si,si,si,si,si,35.12,24.78,La conexión fue rápida y constante la navegación fue fluida no se observan anomalías tiene buena señal,Gustavo Villagomez,7
718,Fibra óptica,SECUNDARIA,SECUNDARIA,11ETV0399Y - MANUEL TOUSSAINT,CALLE SOPEÑA S/N. COLONIA SOPEÑA. CÓDIGO POSTAL 36119., COLONIA SOPEÑA,SILAO,20.96182,-101.41694,07-oct-25,1,si,si,si,si,si,si,si,20.81,19.65,La conexión fue rápida y constante la navegación fue fluida no se observan anomalías tiene buena señal,Gustavo Villagomez,7
731,Fibra óptica,SECUNDARIA,SECUNDARIA,11ETV0612Z - TELESECUNDARIA NUM. 611,CALLE NUESTRA SEÑORA DEL CARMEN NUMERO 2. COLONIA  GUADALUPE. CÓDIGO POSTAL 36142.,COLONIA GUADALUPE,SILAO,20.93517,-101.42085,07-oct-25,1,si,si,si,si,si,si,si,67.4,37.55,La conexión fue rápida y constante la navegación fue fluida no se observan anomalías tiene buena señal,Gustavo Villagomez,7
748,Fibra óptica,PRIMARIA,PRIMARIA,11EPR0911Z - LUIS CHAVEZ OROZCO,CALLE JOSE ZORRILLA NÚMERO EXTERIOR 63. COLONIA HACIENDA DE CERRITOS. CÓDIGO POSTAL 36143., COLONIA HACIENDA DE CERRITOS,SILAO,20.934013,-101.41888,07-oct-25,1,si,si,si,si,si,si,si,31.95,26.78,La conexión fue rápida y constante la navegación fue fluida no se observan anomalías tiene buena señal,Gustavo Villagomez,7
800,Fibra óptica,OFICINA GUBERNAMENTAL,N/A,MODULO EDUCATIVO USAE SILAO,CALLE 5 DE MAYO 19. COLONIA CENTRO. CÓDIGO POSTAL 36100., COLONIA CENTRO,SILAO,20.943405,-101.42492,07-oct-25,1,si,si,si,si,si,si,si,33.29,12.68,La conexión fue rápida y constante la navegación fue fluida no se observan anomalías tiene buena señal,Gustavo Villagomez,7
803,Fibra óptica,OFICINA GUBERNAMENTAL,N/A,SUPERVISION DE ZONA ESCOLAR DE EDUCACION PREESCOLAR NUM. 72,CALLE SANTOS DEGOLLADO 4. COLONIA CENTRO. CÓDIGO POSTAL 36100., COLONIA CENTRO,SILAO,20.94303,-101.42772,07-oct-25,1,si,si,si,si,si,si,si,14.4,31.22,La conexión fue rápida y constante la navegación fue fluida excepto por el Youtube que tardó en cargar un poco tiene buena señal,Gustavo Villagomez,7
847,Fibra óptica,ESPACIO CULTURAL,N/A,CASA DE LA CULTURA ISAURO RIONDA ARREGUIN,CALLE DR. DOMENZAIN # 31. COLONIA ZONA CENTRO. CÓDIGO POSTAL  36100., COLONIA ZONA CENTRO,SILAO,20.94441,-101.428864,07-oct-25,1,si,si,si,si,si,si,si,33.59,15,La conexión fue rápida y constante la navegación fue fluida no se observan anomalías tiene buena señal,Gustavo Villagomez,7
871,Fibra óptica,OFICINA GUBERNAMENTAL,NUEVO COMIENZO,CENTRO IMPULSO LA HUERTA,CALLE MEMBRILLO #14. COLONIA  LA HUERTA. CÓDIGO POSTAL 36119 ., COLONIA LA HUERTA,SILAO,20.959503,-101.414338,07-oct-25,1,si,si,si,si,si,si,si,83.51,69.9,La conexión fue rápida y constante la navegación fue fluida no se observan anomalías tiene buena señal,Gustavo Villagomez,7
872,Fibra óptica,OFICINA GUBERNAMENTAL,NUEVO COMIENZO,CENTRO IMPULSO LOS ESPARRAGOS,CALLE ADOLFO RUIZ CORTINEZ #27. COLONIA LOS ESPARRAGOS.  CÓDIGO POSTAL 36159., COLONIA LOS ESPARRAGOS,SILAO,20.935819,-101.425961,07-oct-25,1,si,si,si,si,si,si,si,45.74,56.49,La conexión fue rápida y constante la navegación fue fluida no se observan anomalías tiene buena señal,Gustavo Villagomez,7
884,Fibra óptica,OFICINA GUBERNAMENTAL,N/A,SECRETARÍA DE FINANZAS. (OFICINA RECAUDADORA) OLT,CALLE 5 DE MAYO 13. COLONIA CENTRO. CÓDIGO POSTLA 36100., COLONIA CENTRO,SILAO,20.943111,-101.42522,07-oct-25,1,si,si,si,si,si,si,si,42.32,46.33,La conexión fue rápida y constante la navegación fue fluida no se observan anomalías tiene buena señal,Gustavo Villagomez,7
1087,Fibra óptica,OFICINA GUBERNAMENTAL,N/A,PRESIDENCIA MUNICIPAL DE SILAO DE LA VICTORIA,CALLE MELCHOR OCAMPO 1. COLONIA CENTRO. CÓDIGO POSTAL  36100., COLONIA CENTRO,SILAO,20.9445314,-101.4262856,07-oct-25,1,si,si,si,si,si,si,si,7.19,31.19,La conexión fue rápida y constante la navegación fue fluida no se observan anomalías tiene buena señal pero el ancho de banda es muy bajo,Gustavo Villagomez,7
